==24099== NVPROF is profiling process 24099, command: ./cuCOSMA
==24099== Warning: Profiling results might be incorrect with current version of nvcc compiler used to compile cuda app. Compile with nvcc compiler 9.0 or later version to get correct profiling results. Ignore this warning if code is already compiled with the recommended nvcc version 
==24099== Profiling application: ./cuCOSMA
==24099== Profiling result:
"Start","Duration","Grid X","Grid Y","Grid Z","Block X","Block Y","Block Z","Registers Per Thread","Static SMem","Dynamic SMem","Size","Throughput","SrcMemType","DstMemType","Device","Context","Stream","Name","Correlation_ID"
s,ms,,,,,,,,KB,B,B,MB/s,,,,,,,
5.067024,140.217298,192,22,1,256,1,1,119,16.250000,0,,,,,"Tesla P100-PCIE-16GB (0)","1","7","cosmaSgemm_kernel(float const *, int, float const *, int, float*, int)",15
5.207249,0.001280,,,,,,,,,,112,83.446503,"Pageable","Device","Tesla P100-PCIE-16GB (0)","1","7","[CUDA memcpy HtoD]",33
5.207531,0.018944,1366,1,1,384,1,1,8,0.000000,0,,,,,"Tesla P100-PCIE-16GB (0)","1","7","void scal_kernel_val<double, double>(cublasScalParamsVal<double, double>)",57
5.208031,140.250002,192,22,1,256,1,1,119,16.250000,0,,,,,"Tesla P100-PCIE-16GB (0)","1","7","cosmaSgemm_kernel(float const *, int, float const *, int, float*, int)",86
5.348288,0.001312,,,,,,,,,,112,81.411222,"Pageable","Device","Tesla P100-PCIE-16GB (0)","1","7","[CUDA memcpy HtoD]",104
5.348535,0.017440,1366,1,1,384,1,1,8,0.000000,0,,,,,"Tesla P100-PCIE-16GB (0)","1","7","void scal_kernel_val<double, double>(cublasScalParamsVal<double, double>)",128
5.349017,140.258577,192,22,1,256,1,1,119,16.250000,0,,,,,"Tesla P100-PCIE-16GB (0)","1","7","cosmaSgemm_kernel(float const *, int, float const *, int, float*, int)",157
5.489283,0.001376,,,,,,,,,,112,77.624653,"Pageable","Device","Tesla P100-PCIE-16GB (0)","1","7","[CUDA memcpy HtoD]",175
5.489530,0.017472,1366,1,1,384,1,1,8,0.000000,0,,,,,"Tesla P100-PCIE-16GB (0)","1","7","void scal_kernel_val<double, double>(cublasScalParamsVal<double, double>)",199
5.490014,140.386161,192,22,1,256,1,1,119,16.250000,0,,,,,"Tesla P100-PCIE-16GB (0)","1","7","cosmaSgemm_kernel(float const *, int, float const *, int, float*, int)",228
5.630408,0.001376,,,,,,,,,,112,77.624653,"Pageable","Device","Tesla P100-PCIE-16GB (0)","1","7","[CUDA memcpy HtoD]",246
5.630656,0.017216,1366,1,1,384,1,1,8,0.000000,0,,,,,"Tesla P100-PCIE-16GB (0)","1","7","void scal_kernel_val<double, double>(cublasScalParamsVal<double, double>)",270
5.631139,140.230514,192,22,1,256,1,1,119,16.250000,0,,,,,"Tesla P100-PCIE-16GB (0)","1","7","cosmaSgemm_kernel(float const *, int, float const *, int, float*, int)",299
5.771379,0.001312,,,,,,,,,,112,81.411222,"Pageable","Device","Tesla P100-PCIE-16GB (0)","1","7","[CUDA memcpy HtoD]",317
5.771626,0.017728,1366,1,1,384,1,1,8,0.000000,0,,,,,"Tesla P100-PCIE-16GB (0)","1","7","void scal_kernel_val<double, double>(cublasScalParamsVal<double, double>)",341
5.772115,140.222322,192,22,1,256,1,1,119,16.250000,0,,,,,"Tesla P100-PCIE-16GB (0)","1","7","cosmaSgemm_kernel(float const *, int, float const *, int, float*, int)",370
5.912345,0.001312,,,,,,,,,,112,81.411222,"Pageable","Device","Tesla P100-PCIE-16GB (0)","1","7","[CUDA memcpy HtoD]",388
5.912599,0.017440,1366,1,1,384,1,1,8,0.000000,0,,,,,"Tesla P100-PCIE-16GB (0)","1","7","void scal_kernel_val<double, double>(cublasScalParamsVal<double, double>)",412
5.913090,140.224690,192,22,1,256,1,1,119,16.250000,0,,,,,"Tesla P100-PCIE-16GB (0)","1","7","cosmaSgemm_kernel(float const *, int, float const *, int, float*, int)",441
6.053321,0.001536,,,,,,,,,,112,69.538752,"Pageable","Device","Tesla P100-PCIE-16GB (0)","1","7","[CUDA memcpy HtoD]",459
6.053576,0.017407,1366,1,1,384,1,1,8,0.000000,0,,,,,"Tesla P100-PCIE-16GB (0)","1","7","void scal_kernel_val<double, double>(cublasScalParamsVal<double, double>)",483
6.054060,140.431888,192,22,1,256,1,1,119,16.250000,0,,,,,"Tesla P100-PCIE-16GB (0)","1","7","cosmaSgemm_kernel(float const *, int, float const *, int, float*, int)",512
6.194499,0.001312,,,,,,,,,,112,81.411222,"Pageable","Device","Tesla P100-PCIE-16GB (0)","1","7","[CUDA memcpy HtoD]",530
6.194745,0.016032,1366,1,1,384,1,1,8,0.000000,0,,,,,"Tesla P100-PCIE-16GB (0)","1","7","void scal_kernel_val<double, double>(cublasScalParamsVal<double, double>)",554
6.195227,140.466895,192,22,1,256,1,1,119,16.250000,0,,,,,"Tesla P100-PCIE-16GB (0)","1","7","cosmaSgemm_kernel(float const *, int, float const *, int, float*, int)",583
6.335700,0.001312,,,,,,,,,,112,81.411222,"Pageable","Device","Tesla P100-PCIE-16GB (0)","1","7","[CUDA memcpy HtoD]",601
6.335945,0.017536,1366,1,1,384,1,1,8,0.000000,0,,,,,"Tesla P100-PCIE-16GB (0)","1","7","void scal_kernel_val<double, double>(cublasScalParamsVal<double, double>)",625
6.336428,140.245362,192,22,1,256,1,1,119,16.250000,0,,,,,"Tesla P100-PCIE-16GB (0)","1","7","cosmaSgemm_kernel(float const *, int, float const *, int, float*, int)",654
6.476680,0.001440,,,,,,,,,,112,74.174668,"Pageable","Device","Tesla P100-PCIE-16GB (0)","1","7","[CUDA memcpy HtoD]",672
6.476939,0.017983,1366,1,1,384,1,1,8,0.000000,0,,,,,"Tesla P100-PCIE-16GB (0)","1","7","void scal_kernel_val<double, double>(cublasScalParamsVal<double, double>)",696
6.477430,140.345073,192,22,1,256,1,1,119,16.250000,0,,,,,"Tesla P100-PCIE-16GB (0)","1","7","cosmaSgemm_kernel(float const *, int, float const *, int, float*, int)",725
6.617783,0.001280,,,,,,,,,,112,83.446503,"Pageable","Device","Tesla P100-PCIE-16GB (0)","1","7","[CUDA memcpy HtoD]",743
6.618039,0.017472,1366,1,1,384,1,1,8,0.000000,0,,,,,"Tesla P100-PCIE-16GB (0)","1","7","void scal_kernel_val<double, double>(cublasScalParamsVal<double, double>)",767
6.618529,140.386193,192,22,1,256,1,1,119,16.250000,0,,,,,"Tesla P100-PCIE-16GB (0)","1","7","cosmaSgemm_kernel(float const *, int, float const *, int, float*, int)",796
6.758923,0.001312,,,,,,,,,,112,81.411222,"Pageable","Device","Tesla P100-PCIE-16GB (0)","1","7","[CUDA memcpy HtoD]",814
6.759169,0.016736,1366,1,1,384,1,1,8,0.000000,0,,,,,"Tesla P100-PCIE-16GB (0)","1","7","void scal_kernel_val<double, double>(cublasScalParamsVal<double, double>)",838
6.759653,140.216338,192,22,1,256,1,1,119,16.250000,0,,,,,"Tesla P100-PCIE-16GB (0)","1","7","cosmaSgemm_kernel(float const *, int, float const *, int, float*, int)",867
6.899877,0.001312,,,,,,,,,,112,81.411222,"Pageable","Device","Tesla P100-PCIE-16GB (0)","1","7","[CUDA memcpy HtoD]",885
6.900123,0.017984,1366,1,1,384,1,1,8,0.000000,0,,,,,"Tesla P100-PCIE-16GB (0)","1","7","void scal_kernel_val<double, double>(cublasScalParamsVal<double, double>)",909
6.900606,140.230034,192,22,1,256,1,1,119,16.250000,0,,,,,"Tesla P100-PCIE-16GB (0)","1","7","cosmaSgemm_kernel(float const *, int, float const *, int, float*, int)",938
7.040844,0.001503,,,,,,,,,,112,71.065551,"Pageable","Device","Tesla P100-PCIE-16GB (0)","1","7","[CUDA memcpy HtoD]",956
7.041089,0.017056,1366,1,1,384,1,1,8,0.000000,0,,,,,"Tesla P100-PCIE-16GB (0)","1","7","void scal_kernel_val<double, double>(cublasScalParamsVal<double, double>)",980
7.041577,140.259474,192,22,1,256,1,1,119,16.250000,0,,,,,"Tesla P100-PCIE-16GB (0)","1","7","cosmaSgemm_kernel(float const *, int, float const *, int, float*, int)",1009
7.181845,0.001472,,,,,,,,,,112,72.562176,"Pageable","Device","Tesla P100-PCIE-16GB (0)","1","7","[CUDA memcpy HtoD]",1027
7.182093,0.017599,1366,1,1,384,1,1,8,0.000000,0,,,,,"Tesla P100-PCIE-16GB (0)","1","7","void scal_kernel_val<double, double>(cublasScalParamsVal<double, double>)",1051
7.182576,140.418384,192,22,1,256,1,1,119,16.250000,0,,,,,"Tesla P100-PCIE-16GB (0)","1","7","cosmaSgemm_kernel(float const *, int, float const *, int, float*, int)",1080
7.323002,0.001312,,,,,,,,,,112,81.411222,"Pageable","Device","Tesla P100-PCIE-16GB (0)","1","7","[CUDA memcpy HtoD]",1098
7.323248,0.016895,1366,1,1,384,1,1,8,0.000000,0,,,,,"Tesla P100-PCIE-16GB (0)","1","7","void scal_kernel_val<double, double>(cublasScalParamsVal<double, double>)",1122
7.323730,140.392112,192,22,1,256,1,1,119,16.250000,0,,,,,"Tesla P100-PCIE-16GB (0)","1","7","cosmaSgemm_kernel(float const *, int, float const *, int, float*, int)",1151
7.464130,0.001312,,,,,,,,,,112,81.411222,"Pageable","Device","Tesla P100-PCIE-16GB (0)","1","7","[CUDA memcpy HtoD]",1169
7.464378,0.016832,1366,1,1,384,1,1,8,0.000000,0,,,,,"Tesla P100-PCIE-16GB (0)","1","7","void scal_kernel_val<double, double>(cublasScalParamsVal<double, double>)",1193
7.464861,140.264658,192,22,1,256,1,1,119,16.250000,0,,,,,"Tesla P100-PCIE-16GB (0)","1","7","cosmaSgemm_kernel(float const *, int, float const *, int, float*, int)",1222
7.605134,0.001312,,,,,,,,,,112,81.411222,"Pageable","Device","Tesla P100-PCIE-16GB (0)","1","7","[CUDA memcpy HtoD]",1240
7.605387,0.018304,1366,1,1,384,1,1,8,0.000000,0,,,,,"Tesla P100-PCIE-16GB (0)","1","7","void scal_kernel_val<double, double>(cublasScalParamsVal<double, double>)",1264
7.605871,140.251313,192,22,1,256,1,1,119,16.250000,0,,,,,"Tesla P100-PCIE-16GB (0)","1","7","cosmaSgemm_kernel(float const *, int, float const *, int, float*, int)",1293
7.746131,0.001280,,,,,,,,,,112,83.446503,"Pageable","Device","Tesla P100-PCIE-16GB (0)","1","7","[CUDA memcpy HtoD]",1311
7.746381,0.017824,1366,1,1,384,1,1,8,0.000000,0,,,,,"Tesla P100-PCIE-16GB (0)","1","7","void scal_kernel_val<double, double>(cublasScalParamsVal<double, double>)",1335
7.746865,140.428368,192,22,1,256,1,1,119,16.250000,0,,,,,"Tesla P100-PCIE-16GB (0)","1","7","cosmaSgemm_kernel(float const *, int, float const *, int, float*, int)",1364
7.887301,0.001408,,,,,,,,,,112,75.860456,"Pageable","Device","Tesla P100-PCIE-16GB (0)","1","7","[CUDA memcpy HtoD]",1382
7.887550,0.016672,1366,1,1,384,1,1,8,0.000000,0,,,,,"Tesla P100-PCIE-16GB (0)","1","7","void scal_kernel_val<double, double>(cublasScalParamsVal<double, double>)",1406
7.888031,140.361521,192,22,1,256,1,1,119,16.250000,0,,,,,"Tesla P100-PCIE-16GB (0)","1","7","cosmaSgemm_kernel(float const *, int, float const *, int, float*, int)",1435
8.028399,0.001376,,,,,,,,,,112,77.624653,"Pageable","Device","Tesla P100-PCIE-16GB (0)","1","7","[CUDA memcpy HtoD]",1453
8.028647,0.017888,1366,1,1,384,1,1,8,0.000000,0,,,,,"Tesla P100-PCIE-16GB (0)","1","7","void scal_kernel_val<double, double>(cublasScalParamsVal<double, double>)",1477
8.029131,140.399472,192,22,1,256,1,1,119,16.250000,0,,,,,"Tesla P100-PCIE-16GB (0)","1","7","cosmaSgemm_kernel(float const *, int, float const *, int, float*, int)",1506
8.169538,0.001312,,,,,,,,,,112,81.411222,"Pageable","Device","Tesla P100-PCIE-16GB (0)","1","7","[CUDA memcpy HtoD]",1524
8.169782,0.016128,1366,1,1,384,1,1,8,0.000000,0,,,,,"Tesla P100-PCIE-16GB (0)","1","7","void scal_kernel_val<double, double>(cublasScalParamsVal<double, double>)",1548
8.170263,140.430128,192,22,1,256,1,1,119,16.250000,0,,,,,"Tesla P100-PCIE-16GB (0)","1","7","cosmaSgemm_kernel(float const *, int, float const *, int, float*, int)",1577
8.310699,0.001312,,,,,,,,,,112,81.411222,"Pageable","Device","Tesla P100-PCIE-16GB (0)","1","7","[CUDA memcpy HtoD]",1595
8.310947,0.016512,1366,1,1,384,1,1,8,0.000000,0,,,,,"Tesla P100-PCIE-16GB (0)","1","7","void scal_kernel_val<double, double>(cublasScalParamsVal<double, double>)",1619
8.311429,140.255825,192,22,1,256,1,1,119,16.250000,0,,,,,"Tesla P100-PCIE-16GB (0)","1","7","cosmaSgemm_kernel(float const *, int, float const *, int, float*, int)",1648
8.451693,0.001312,,,,,,,,,,112,81.411222,"Pageable","Device","Tesla P100-PCIE-16GB (0)","1","7","[CUDA memcpy HtoD]",1666
8.451940,0.018208,1366,1,1,384,1,1,8,0.000000,0,,,,,"Tesla P100-PCIE-16GB (0)","1","7","void scal_kernel_val<double, double>(cublasScalParamsVal<double, double>)",1690
8.452425,140.432976,192,22,1,256,1,1,119,16.250000,0,,,,,"Tesla P100-PCIE-16GB (0)","1","7","cosmaSgemm_kernel(float const *, int, float const *, int, float*, int)",1719
8.592866,0.001312,,,,,,,,,,112,81.411222,"Pageable","Device","Tesla P100-PCIE-16GB (0)","1","7","[CUDA memcpy HtoD]",1737
8.593114,0.016896,1366,1,1,384,1,1,8,0.000000,0,,,,,"Tesla P100-PCIE-16GB (0)","1","7","void scal_kernel_val<double, double>(cublasScalParamsVal<double, double>)",1761
8.593603,140.471248,192,22,1,256,1,1,119,16.250000,0,,,,,"Tesla P100-PCIE-16GB (0)","1","7","cosmaSgemm_kernel(float const *, int, float const *, int, float*, int)",1790
8.734082,0.001536,,,,,,,,,,112,69.538752,"Pageable","Device","Tesla P100-PCIE-16GB (0)","1","7","[CUDA memcpy HtoD]",1808
8.734334,0.016800,1366,1,1,384,1,1,8,0.000000,0,,,,,"Tesla P100-PCIE-16GB (0)","1","7","void scal_kernel_val<double, double>(cublasScalParamsVal<double, double>)",1832
8.734816,140.259314,192,22,1,256,1,1,119,16.250000,0,,,,,"Tesla P100-PCIE-16GB (0)","1","7","cosmaSgemm_kernel(float const *, int, float const *, int, float*, int)",1861
8.875084,0.001312,,,,,,,,,,112,81.411222,"Pageable","Device","Tesla P100-PCIE-16GB (0)","1","7","[CUDA memcpy HtoD]",1879
8.875330,0.018015,1366,1,1,384,1,1,8,0.000000,0,,,,,"Tesla P100-PCIE-16GB (0)","1","7","void scal_kernel_val<double, double>(cublasScalParamsVal<double, double>)",1903
8.875814,140.374129,192,22,1,256,1,1,119,16.250000,0,,,,,"Tesla P100-PCIE-16GB (0)","1","7","cosmaSgemm_kernel(float const *, int, float const *, int, float*, int)",1932
9.016196,0.001312,,,,,,,,,,112,81.411222,"Pageable","Device","Tesla P100-PCIE-16GB (0)","1","7","[CUDA memcpy HtoD]",1950
9.016445,0.017504,1366,1,1,384,1,1,8,0.000000,0,,,,,"Tesla P100-PCIE-16GB (0)","1","7","void scal_kernel_val<double, double>(cublasScalParamsVal<double, double>)",1974
9.016927,140.207827,192,22,1,256,1,1,119,16.250000,0,,,,,"Tesla P100-PCIE-16GB (0)","1","7","cosmaSgemm_kernel(float const *, int, float const *, int, float*, int)",2003
9.157142,0.001504,,,,,,,,,,112,71.018300,"Pageable","Device","Tesla P100-PCIE-16GB (0)","1","7","[CUDA memcpy HtoD]",2021
9.157393,0.018144,1366,1,1,384,1,1,8,0.000000,0,,,,,"Tesla P100-PCIE-16GB (0)","1","7","void scal_kernel_val<double, double>(cublasScalParamsVal<double, double>)",2045
9.157876,140.222706,192,22,1,256,1,1,119,16.250000,0,,,,,"Tesla P100-PCIE-16GB (0)","1","7","cosmaSgemm_kernel(float const *, int, float const *, int, float*, int)",2074
9.298106,0.001312,,,,,,,,,,112,81.411222,"Pageable","Device","Tesla P100-PCIE-16GB (0)","1","7","[CUDA memcpy HtoD]",2092
9.298354,0.017664,1366,1,1,384,1,1,8,0.000000,0,,,,,"Tesla P100-PCIE-16GB (0)","1","7","void scal_kernel_val<double, double>(cublasScalParamsVal<double, double>)",2116
9.298851,140.235346,192,22,1,256,1,1,119,16.250000,0,,,,,"Tesla P100-PCIE-16GB (0)","1","7","cosmaSgemm_kernel(float const *, int, float const *, int, float*, int)",2145
9.439094,0.001312,,,,,,,,,,112,81.411222,"Pageable","Device","Tesla P100-PCIE-16GB (0)","1","7","[CUDA memcpy HtoD]",2163
9.439351,0.018304,1366,1,1,384,1,1,8,0.000000,0,,,,,"Tesla P100-PCIE-16GB (0)","1","7","void scal_kernel_val<double, double>(cublasScalParamsVal<double, double>)",2187
9.439847,140.221490,192,22,1,256,1,1,119,16.250000,0,,,,,"Tesla P100-PCIE-16GB (0)","1","7","cosmaSgemm_kernel(float const *, int, float const *, int, float*, int)",2216
9.580077,0.001312,,,,,,,,,,112,81.411222,"Pageable","Device","Tesla P100-PCIE-16GB (0)","1","7","[CUDA memcpy HtoD]",2234
9.580337,0.018368,1366,1,1,384,1,1,8,0.000000,0,,,,,"Tesla P100-PCIE-16GB (0)","1","7","void scal_kernel_val<double, double>(cublasScalParamsVal<double, double>)",2258
9.580819,140.212499,192,22,1,256,1,1,119,16.250000,0,,,,,"Tesla P100-PCIE-16GB (0)","1","7","cosmaSgemm_kernel(float const *, int, float const *, int, float*, int)",2287
9.721040,0.001312,,,,,,,,,,112,81.411222,"Pageable","Device","Tesla P100-PCIE-16GB (0)","1","7","[CUDA memcpy HtoD]",2305
9.721296,0.018144,1366,1,1,384,1,1,8,0.000000,0,,,,,"Tesla P100-PCIE-16GB (0)","1","7","void scal_kernel_val<double, double>(cublasScalParamsVal<double, double>)",2329
9.721780,140.221970,192,22,1,256,1,1,119,16.250000,0,,,,,"Tesla P100-PCIE-16GB (0)","1","7","cosmaSgemm_kernel(float const *, int, float const *, int, float*, int)",2358
9.862011,0.001312,,,,,,,,,,112,81.411222,"Pageable","Device","Tesla P100-PCIE-16GB (0)","1","7","[CUDA memcpy HtoD]",2376
9.862259,0.017792,1366,1,1,384,1,1,8,0.000000,0,,,,,"Tesla P100-PCIE-16GB (0)","1","7","void scal_kernel_val<double, double>(cublasScalParamsVal<double, double>)",2400
9.862742,140.213778,192,22,1,256,1,1,119,16.250000,0,,,,,"Tesla P100-PCIE-16GB (0)","1","7","cosmaSgemm_kernel(float const *, int, float const *, int, float*, int)",2429
10.002964,0.001472,,,,,,,,,,112,72.562176,"Pageable","Device","Tesla P100-PCIE-16GB (0)","1","7","[CUDA memcpy HtoD]",2447
10.003212,0.018048,1366,1,1,384,1,1,8,0.000000,0,,,,,"Tesla P100-PCIE-16GB (0)","1","7","void scal_kernel_val<double, double>(cublasScalParamsVal<double, double>)",2471
10.003697,140.416144,192,22,1,256,1,1,119,16.250000,0,,,,,"Tesla P100-PCIE-16GB (0)","1","7","cosmaSgemm_kernel(float const *, int, float const *, int, float*, int)",2500
10.144120,0.001312,,,,,,,,,,112,81.411222,"Pageable","Device","Tesla P100-PCIE-16GB (0)","1","7","[CUDA memcpy HtoD]",2518
10.144368,0.017440,1366,1,1,384,1,1,8,0.000000,0,,,,,"Tesla P100-PCIE-16GB (0)","1","7","void scal_kernel_val<double, double>(cublasScalParamsVal<double, double>)",2542
10.144850,140.218610,192,22,1,256,1,1,119,16.250000,0,,,,,"Tesla P100-PCIE-16GB (0)","1","7","cosmaSgemm_kernel(float const *, int, float const *, int, float*, int)",2571
10.285076,0.001312,,,,,,,,,,112,81.411222,"Pageable","Device","Tesla P100-PCIE-16GB (0)","1","7","[CUDA memcpy HtoD]",2589
10.285328,0.017440,1366,1,1,384,1,1,8,0.000000,0,,,,,"Tesla P100-PCIE-16GB (0)","1","7","void scal_kernel_val<double, double>(cublasScalParamsVal<double, double>)",2613
10.285811,140.484080,192,22,1,256,1,1,119,16.250000,0,,,,,"Tesla P100-PCIE-16GB (0)","1","7","cosmaSgemm_kernel(float const *, int, float const *, int, float*, int)",2642
10.426302,0.001408,,,,,,,,,,112,75.860456,"Pageable","Device","Tesla P100-PCIE-16GB (0)","1","7","[CUDA memcpy HtoD]",2660
10.426549,0.016128,1366,1,1,384,1,1,8,0.000000,0,,,,,"Tesla P100-PCIE-16GB (0)","1","7","void scal_kernel_val<double, double>(cublasScalParamsVal<double, double>)",2684
10.427032,140.459248,192,22,1,256,1,1,119,16.250000,0,,,,,"Tesla P100-PCIE-16GB (0)","1","7","cosmaSgemm_kernel(float const *, int, float const *, int, float*, int)",2713
10.567499,0.001312,,,,,,,,,,112,81.411222,"Pageable","Device","Tesla P100-PCIE-16GB (0)","1","7","[CUDA memcpy HtoD]",2731
10.567746,0.017600,1366,1,1,384,1,1,8,0.000000,0,,,,,"Tesla P100-PCIE-16GB (0)","1","7","void scal_kernel_val<double, double>(cublasScalParamsVal<double, double>)",2755
10.568230,140.225586,192,22,1,256,1,1,119,16.250000,0,,,,,"Tesla P100-PCIE-16GB (0)","1","7","cosmaSgemm_kernel(float const *, int, float const *, int, float*, int)",2784
10.708464,0.001312,,,,,,,,,,112,81.411222,"Pageable","Device","Tesla P100-PCIE-16GB (0)","1","7","[CUDA memcpy HtoD]",2802
10.708714,0.017376,1366,1,1,384,1,1,8,0.000000,0,,,,,"Tesla P100-PCIE-16GB (0)","1","7","void scal_kernel_val<double, double>(cublasScalParamsVal<double, double>)",2826
10.709202,140.479727,192,22,1,256,1,1,119,16.250000,0,,,,,"Tesla P100-PCIE-16GB (0)","1","7","cosmaSgemm_kernel(float const *, int, float const *, int, float*, int)",2855
10.849690,0.001440,,,,,,,,,,112,74.174668,"Pageable","Device","Tesla P100-PCIE-16GB (0)","1","7","[CUDA memcpy HtoD]",2873
10.849935,0.016000,1366,1,1,384,1,1,8,0.000000,0,,,,,"Tesla P100-PCIE-16GB (0)","1","7","void scal_kernel_val<double, double>(cublasScalParamsVal<double, double>)",2897
10.850416,140.217298,192,22,1,256,1,1,119,16.250000,0,,,,,"Tesla P100-PCIE-16GB (0)","1","7","cosmaSgemm_kernel(float const *, int, float const *, int, float*, int)",2926
10.990642,0.001312,,,,,,,,,,112,81.411222,"Pageable","Device","Tesla P100-PCIE-16GB (0)","1","7","[CUDA memcpy HtoD]",2944
10.990888,0.016832,1366,1,1,384,1,1,8,0.000000,0,,,,,"Tesla P100-PCIE-16GB (0)","1","7","void scal_kernel_val<double, double>(cublasScalParamsVal<double, double>)",2968
10.991370,140.486160,192,22,1,256,1,1,119,16.250000,0,,,,,"Tesla P100-PCIE-16GB (0)","1","7","cosmaSgemm_kernel(float const *, int, float const *, int, float*, int)",2997
11.131863,0.001312,,,,,,,,,,112,81.411222,"Pageable","Device","Tesla P100-PCIE-16GB (0)","1","7","[CUDA memcpy HtoD]",3015
11.132111,0.017248,1366,1,1,384,1,1,8,0.000000,0,,,,,"Tesla P100-PCIE-16GB (0)","1","7","void scal_kernel_val<double, double>(cublasScalParamsVal<double, double>)",3039
11.132593,140.236178,192,22,1,256,1,1,119,16.250000,0,,,,,"Tesla P100-PCIE-16GB (0)","1","7","cosmaSgemm_kernel(float const *, int, float const *, int, float*, int)",3068
11.272836,0.001376,,,,,,,,,,112,77.624653,"Pageable","Device","Tesla P100-PCIE-16GB (0)","1","7","[CUDA memcpy HtoD]",3086
11.273083,0.017696,1366,1,1,384,1,1,8,0.000000,0,,,,,"Tesla P100-PCIE-16GB (0)","1","7","void scal_kernel_val<double, double>(cublasScalParamsVal<double, double>)",3110
11.273573,140.243634,192,22,1,256,1,1,119,16.250000,0,,,,,"Tesla P100-PCIE-16GB (0)","1","7","cosmaSgemm_kernel(float const *, int, float const *, int, float*, int)",3139
11.413824,0.001344,,,,,,,,,,112,79.472859,"Pageable","Device","Tesla P100-PCIE-16GB (0)","1","7","[CUDA memcpy HtoD]",3157
11.414070,0.018047,1366,1,1,384,1,1,8,0.000000,0,,,,,"Tesla P100-PCIE-16GB (0)","1","7","void scal_kernel_val<double, double>(cublasScalParamsVal<double, double>)",3181
11.414554,140.248594,192,22,1,256,1,1,119,16.250000,0,,,,,"Tesla P100-PCIE-16GB (0)","1","7","cosmaSgemm_kernel(float const *, int, float const *, int, float*, int)",3210
11.554810,0.001280,,,,,,,,,,112,83.446503,"Pageable","Device","Tesla P100-PCIE-16GB (0)","1","7","[CUDA memcpy HtoD]",3228
11.555060,0.017696,1366,1,1,384,1,1,8,0.000000,0,,,,,"Tesla P100-PCIE-16GB (0)","1","7","void scal_kernel_val<double, double>(cublasScalParamsVal<double, double>)",3252
11.555541,140.524816,192,22,1,256,1,1,119,16.250000,0,,,,,"Tesla P100-PCIE-16GB (0)","1","7","cosmaSgemm_kernel(float const *, int, float const *, int, float*, int)",3281
11.696074,0.001312,,,,,,,,,,112,81.411222,"Pageable","Device","Tesla P100-PCIE-16GB (0)","1","7","[CUDA memcpy HtoD]",3299
11.696322,0.017664,1366,1,1,384,1,1,8,0.000000,0,,,,,"Tesla P100-PCIE-16GB (0)","1","7","void scal_kernel_val<double, double>(cublasScalParamsVal<double, double>)",3323
11.696806,140.240050,192,22,1,256,1,1,119,16.250000,0,,,,,"Tesla P100-PCIE-16GB (0)","1","7","cosmaSgemm_kernel(float const *, int, float const *, int, float*, int)",3352
11.837054,0.001312,,,,,,,,,,112,81.411222,"Pageable","Device","Tesla P100-PCIE-16GB (0)","1","7","[CUDA memcpy HtoD]",3370
11.837309,0.017888,1366,1,1,384,1,1,8,0.000000,0,,,,,"Tesla P100-PCIE-16GB (0)","1","7","void scal_kernel_val<double, double>(cublasScalParamsVal<double, double>)",3394
11.837795,140.224242,192,22,1,256,1,1,119,16.250000,0,,,,,"Tesla P100-PCIE-16GB (0)","1","7","cosmaSgemm_kernel(float const *, int, float const *, int, float*, int)",3423
11.978028,0.001312,,,,,,,,,,112,81.411222,"Pageable","Device","Tesla P100-PCIE-16GB (0)","1","7","[CUDA memcpy HtoD]",3441
11.978285,0.017920,1366,1,1,384,1,1,8,0.000000,0,,,,,"Tesla P100-PCIE-16GB (0)","1","7","void scal_kernel_val<double, double>(cublasScalParamsVal<double, double>)",3465
11.978778,140.235858,192,22,1,256,1,1,119,16.250000,0,,,,,"Tesla P100-PCIE-16GB (0)","1","7","cosmaSgemm_kernel(float const *, int, float const *, int, float*, int)",3494
12.119023,0.001312,,,,,,,,,,112,81.411222,"Pageable","Device","Tesla P100-PCIE-16GB (0)","1","7","[CUDA memcpy HtoD]",3512
12.119266,0.017824,1366,1,1,384,1,1,8,0.000000,0,,,,,"Tesla P100-PCIE-16GB (0)","1","7","void scal_kernel_val<double, double>(cublasScalParamsVal<double, double>)",3536
12.119750,140.254578,192,22,1,256,1,1,119,16.250000,0,,,,,"Tesla P100-PCIE-16GB (0)","1","7","cosmaSgemm_kernel(float const *, int, float const *, int, float*, int)",3565
12.260012,0.001312,,,,,,,,,,112,81.411222,"Pageable","Device","Tesla P100-PCIE-16GB (0)","1","7","[CUDA memcpy HtoD]",3583
12.260259,0.017632,1366,1,1,384,1,1,8,0.000000,0,,,,,"Tesla P100-PCIE-16GB (0)","1","7","void scal_kernel_val<double, double>(cublasScalParamsVal<double, double>)",3607
12.260742,140.447120,192,22,1,256,1,1,119,16.250000,0,,,,,"Tesla P100-PCIE-16GB (0)","1","7","cosmaSgemm_kernel(float const *, int, float const *, int, float*, int)",3636
12.401196,0.001312,,,,,,,,,,112,81.411222,"Pageable","Device","Tesla P100-PCIE-16GB (0)","1","7","[CUDA memcpy HtoD]",3654
12.401444,0.015968,1366,1,1,384,1,1,8,0.000000,0,,,,,"Tesla P100-PCIE-16GB (0)","1","7","void scal_kernel_val<double, double>(cublasScalParamsVal<double, double>)",3678
12.401925,140.218258,192,22,1,256,1,1,119,16.250000,0,,,,,"Tesla P100-PCIE-16GB (0)","1","7","cosmaSgemm_kernel(float const *, int, float const *, int, float*, int)",3707
12.542150,0.001312,,,,,,,,,,112,81.411222,"Pageable","Device","Tesla P100-PCIE-16GB (0)","1","7","[CUDA memcpy HtoD]",3725
12.542401,0.017696,1366,1,1,384,1,1,8,0.000000,0,,,,,"Tesla P100-PCIE-16GB (0)","1","7","void scal_kernel_val<double, double>(cublasScalParamsVal<double, double>)",3749
12.542885,140.215666,192,22,1,256,1,1,119,16.250000,0,,,,,"Tesla P100-PCIE-16GB (0)","1","7","cosmaSgemm_kernel(float const *, int, float const *, int, float*, int)",3778
12.683109,0.001312,,,,,,,,,,112,81.411222,"Pageable","Device","Tesla P100-PCIE-16GB (0)","1","7","[CUDA memcpy HtoD]",3796
12.683360,0.017600,1366,1,1,384,1,1,8,0.000000,0,,,,,"Tesla P100-PCIE-16GB (0)","1","7","void scal_kernel_val<double, double>(cublasScalParamsVal<double, double>)",3820
12.683842,140.394416,192,22,1,256,1,1,119,16.250000,0,,,,,"Tesla P100-PCIE-16GB (0)","1","7","cosmaSgemm_kernel(float const *, int, float const *, int, float*, int)",3849
12.824245,0.001568,,,,,,,,,,112,68.119594,"Pageable","Device","Tesla P100-PCIE-16GB (0)","1","7","[CUDA memcpy HtoD]",3867
12.824493,0.017632,1366,1,1,384,1,1,8,0.000000,0,,,,,"Tesla P100-PCIE-16GB (0)","1","7","void scal_kernel_val<double, double>(cublasScalParamsVal<double, double>)",3891
12.824976,140.250706,192,22,1,256,1,1,119,16.250000,0,,,,,"Tesla P100-PCIE-16GB (0)","1","7","cosmaSgemm_kernel(float const *, int, float const *, int, float*, int)",3920
12.965235,0.001312,,,,,,,,,,112,81.411222,"Pageable","Device","Tesla P100-PCIE-16GB (0)","1","7","[CUDA memcpy HtoD]",3938
12.965483,0.018112,1366,1,1,384,1,1,8,0.000000,0,,,,,"Tesla P100-PCIE-16GB (0)","1","7","void scal_kernel_val<double, double>(cublasScalParamsVal<double, double>)",3962
12.965966,140.252722,192,22,1,256,1,1,119,16.250000,0,,,,,"Tesla P100-PCIE-16GB (0)","1","7","cosmaSgemm_kernel(float const *, int, float const *, int, float*, int)",3991
13.106227,0.001408,,,,,,,,,,112,75.860456,"Pageable","Device","Tesla P100-PCIE-16GB (0)","1","7","[CUDA memcpy HtoD]",4009
13.106473,0.017440,1366,1,1,384,1,1,8,0.000000,0,,,,,"Tesla P100-PCIE-16GB (0)","1","7","void scal_kernel_val<double, double>(cublasScalParamsVal<double, double>)",4033
13.106956,140.428688,192,22,1,256,1,1,119,16.250000,0,,,,,"Tesla P100-PCIE-16GB (0)","1","7","cosmaSgemm_kernel(float const *, int, float const *, int, float*, int)",4062
13.247392,0.001280,,,,,,,,,,112,83.446503,"Pageable","Device","Tesla P100-PCIE-16GB (0)","1","7","[CUDA memcpy HtoD]",4080
13.247638,0.017471,1366,1,1,384,1,1,8,0.000000,0,,,,,"Tesla P100-PCIE-16GB (0)","1","7","void scal_kernel_val<double, double>(cublasScalParamsVal<double, double>)",4104
13.248120,140.387600,192,22,1,256,1,1,119,16.250000,0,,,,,"Tesla P100-PCIE-16GB (0)","1","7","cosmaSgemm_kernel(float const *, int, float const *, int, float*, int)",4133
13.388516,0.001312,,,,,,,,,,112,81.411222,"Pageable","Device","Tesla P100-PCIE-16GB (0)","1","7","[CUDA memcpy HtoD]",4151
13.388762,0.017408,1366,1,1,384,1,1,8,0.000000,0,,,,,"Tesla P100-PCIE-16GB (0)","1","7","void scal_kernel_val<double, double>(cublasScalParamsVal<double, double>)",4175
13.389247,140.418384,192,22,1,256,1,1,119,16.250000,0,,,,,"Tesla P100-PCIE-16GB (0)","1","7","cosmaSgemm_kernel(float const *, int, float const *, int, float*, int)",4204
13.529673,0.001312,,,,,,,,,,112,81.411222,"Pageable","Device","Tesla P100-PCIE-16GB (0)","1","7","[CUDA memcpy HtoD]",4222
13.529922,0.017120,1366,1,1,384,1,1,8,0.000000,0,,,,,"Tesla P100-PCIE-16GB (0)","1","7","void scal_kernel_val<double, double>(cublasScalParamsVal<double, double>)",4246
13.530405,140.233202,192,22,1,256,1,1,119,16.250000,0,,,,,"Tesla P100-PCIE-16GB (0)","1","7","cosmaSgemm_kernel(float const *, int, float const *, int, float*, int)",4275
13.670646,0.001312,,,,,,,,,,112,81.411222,"Pageable","Device","Tesla P100-PCIE-16GB (0)","1","7","[CUDA memcpy HtoD]",4293
13.670897,0.018111,1366,1,1,384,1,1,8,0.000000,0,,,,,"Tesla P100-PCIE-16GB (0)","1","7","void scal_kernel_val<double, double>(cublasScalParamsVal<double, double>)",4317
13.671381,140.407472,192,22,1,256,1,1,119,16.250000,0,,,,,"Tesla P100-PCIE-16GB (0)","1","7","cosmaSgemm_kernel(float const *, int, float const *, int, float*, int)",4346
13.811796,0.001312,,,,,,,,,,112,81.411222,"Pageable","Device","Tesla P100-PCIE-16GB (0)","1","7","[CUDA memcpy HtoD]",4364
13.812043,0.017216,1366,1,1,384,1,1,8,0.000000,0,,,,,"Tesla P100-PCIE-16GB (0)","1","7","void scal_kernel_val<double, double>(cublasScalParamsVal<double, double>)",4388
13.812525,140.235442,192,22,1,256,1,1,119,16.250000,0,,,,,"Tesla P100-PCIE-16GB (0)","1","7","cosmaSgemm_kernel(float const *, int, float const *, int, float*, int)",4417
13.952768,0.001312,,,,,,,,,,112,81.411222,"Pageable","Device","Tesla P100-PCIE-16GB (0)","1","7","[CUDA memcpy HtoD]",4435
13.953016,0.017312,1366,1,1,384,1,1,8,0.000000,0,,,,,"Tesla P100-PCIE-16GB (0)","1","7","void scal_kernel_val<double, double>(cublasScalParamsVal<double, double>)",4459
13.953500,140.222354,192,22,1,256,1,1,119,16.250000,0,,,,,"Tesla P100-PCIE-16GB (0)","1","7","cosmaSgemm_kernel(float const *, int, float const *, int, float*, int)",4488
14.093729,0.001312,,,,,,,,,,112,81.411222,"Pageable","Device","Tesla P100-PCIE-16GB (0)","1","7","[CUDA memcpy HtoD]",4506
14.093976,0.017664,1366,1,1,384,1,1,8,0.000000,0,,,,,"Tesla P100-PCIE-16GB (0)","1","7","void scal_kernel_val<double, double>(cublasScalParamsVal<double, double>)",4530
14.094458,140.211506,192,22,1,256,1,1,119,16.250000,0,,,,,"Tesla P100-PCIE-16GB (0)","1","7","cosmaSgemm_kernel(float const *, int, float const *, int, float*, int)",4559
14.234677,0.001312,,,,,,,,,,112,81.411222,"Pageable","Device","Tesla P100-PCIE-16GB (0)","1","7","[CUDA memcpy HtoD]",4577
14.234923,0.017696,1366,1,1,384,1,1,8,0.000000,0,,,,,"Tesla P100-PCIE-16GB (0)","1","7","void scal_kernel_val<double, double>(cublasScalParamsVal<double, double>)",4601
14.235405,140.503151,192,22,1,256,1,1,119,16.250000,0,,,,,"Tesla P100-PCIE-16GB (0)","1","7","cosmaSgemm_kernel(float const *, int, float const *, int, float*, int)",4630
14.375916,0.001312,,,,,,,,,,112,81.411222,"Pageable","Device","Tesla P100-PCIE-16GB (0)","1","7","[CUDA memcpy HtoD]",4648
14.376170,0.016288,1366,1,1,384,1,1,8,0.000000,0,,,,,"Tesla P100-PCIE-16GB (0)","1","7","void scal_kernel_val<double, double>(cublasScalParamsVal<double, double>)",4672
14.376657,140.452304,192,22,1,256,1,1,119,16.250000,0,,,,,"Tesla P100-PCIE-16GB (0)","1","7","cosmaSgemm_kernel(float const *, int, float const *, int, float*, int)",4701
14.517117,0.001312,,,,,,,,,,112,81.411222,"Pageable","Device","Tesla P100-PCIE-16GB (0)","1","7","[CUDA memcpy HtoD]",4719
14.517375,0.017024,1366,1,1,384,1,1,8,0.000000,0,,,,,"Tesla P100-PCIE-16GB (0)","1","7","void scal_kernel_val<double, double>(cublasScalParamsVal<double, double>)",4743
14.517862,140.222162,192,22,1,256,1,1,119,16.250000,0,,,,,"Tesla P100-PCIE-16GB (0)","1","7","cosmaSgemm_kernel(float const *, int, float const *, int, float*, int)",4772
14.658092,0.001312,,,,,,,,,,112,81.411222,"Pageable","Device","Tesla P100-PCIE-16GB (0)","1","7","[CUDA memcpy HtoD]",4790
14.658345,0.017888,1366,1,1,384,1,1,8,0.000000,0,,,,,"Tesla P100-PCIE-16GB (0)","1","7","void scal_kernel_val<double, double>(cublasScalParamsVal<double, double>)",4814
14.658829,140.213586,192,22,1,256,1,1,119,16.250000,0,,,,,"Tesla P100-PCIE-16GB (0)","1","7","cosmaSgemm_kernel(float const *, int, float const *, int, float*, int)",4843
14.799049,0.001312,,,,,,,,,,112,81.411222,"Pageable","Device","Tesla P100-PCIE-16GB (0)","1","7","[CUDA memcpy HtoD]",4861
14.799297,0.017760,1366,1,1,384,1,1,8,0.000000,0,,,,,"Tesla P100-PCIE-16GB (0)","1","7","void scal_kernel_val<double, double>(cublasScalParamsVal<double, double>)",4885
14.799779,140.507983,192,22,1,256,1,1,119,16.250000,0,,,,,"Tesla P100-PCIE-16GB (0)","1","7","cosmaSgemm_kernel(float const *, int, float const *, int, float*, int)",4914
14.940295,0.001312,,,,,,,,,,112,81.411222,"Pageable","Device","Tesla P100-PCIE-16GB (0)","1","7","[CUDA memcpy HtoD]",4932
14.940543,0.017920,1366,1,1,384,1,1,8,0.000000,0,,,,,"Tesla P100-PCIE-16GB (0)","1","7","void scal_kernel_val<double, double>(cublasScalParamsVal<double, double>)",4956
14.941026,140.448496,192,22,1,256,1,1,119,16.250000,0,,,,,"Tesla P100-PCIE-16GB (0)","1","7","cosmaSgemm_kernel(float const *, int, float const *, int, float*, int)",4985
15.081481,0.001312,,,,,,,,,,112,81.411222,"Pageable","Device","Tesla P100-PCIE-16GB (0)","1","7","[CUDA memcpy HtoD]",5003
15.081729,0.015775,1366,1,1,384,1,1,8,0.000000,0,,,,,"Tesla P100-PCIE-16GB (0)","1","7","void scal_kernel_val<double, double>(cublasScalParamsVal<double, double>)",5027
15.082209,140.467280,192,22,1,256,1,1,119,16.250000,0,,,,,"Tesla P100-PCIE-16GB (0)","1","7","cosmaSgemm_kernel(float const *, int, float const *, int, float*, int)",5056
15.222684,0.001312,,,,,,,,,,112,81.411222,"Pageable","Device","Tesla P100-PCIE-16GB (0)","1","7","[CUDA memcpy HtoD]",5074
15.222932,0.017952,1366,1,1,384,1,1,8,0.000000,0,,,,,"Tesla P100-PCIE-16GB (0)","1","7","void scal_kernel_val<double, double>(cublasScalParamsVal<double, double>)",5098
15.223415,140.212851,192,22,1,256,1,1,119,16.250000,0,,,,,"Tesla P100-PCIE-16GB (0)","1","7","cosmaSgemm_kernel(float const *, int, float const *, int, float*, int)",5127
15.363636,0.001312,,,,,,,,,,112,81.411222,"Pageable","Device","Tesla P100-PCIE-16GB (0)","1","7","[CUDA memcpy HtoD]",5145
15.363885,0.017760,1366,1,1,384,1,1,8,0.000000,0,,,,,"Tesla P100-PCIE-16GB (0)","1","7","void scal_kernel_val<double, double>(cublasScalParamsVal<double, double>)",5169
15.364368,140.484880,192,22,1,256,1,1,119,16.250000,0,,,,,"Tesla P100-PCIE-16GB (0)","1","7","cosmaSgemm_kernel(float const *, int, float const *, int, float*, int)",5198
15.504859,0.001312,,,,,,,,,,112,81.411222,"Pageable","Device","Tesla P100-PCIE-16GB (0)","1","7","[CUDA memcpy HtoD]",5216
15.505108,0.017344,1366,1,1,384,1,1,8,0.000000,0,,,,,"Tesla P100-PCIE-16GB (0)","1","7","void scal_kernel_val<double, double>(cublasScalParamsVal<double, double>)",5240
15.505596,140.212626,192,22,1,256,1,1,119,16.250000,0,,,,,"Tesla P100-PCIE-16GB (0)","1","7","cosmaSgemm_kernel(float const *, int, float const *, int, float*, int)",5269
15.645817,0.001312,,,,,,,,,,112,81.411222,"Pageable","Device","Tesla P100-PCIE-16GB (0)","1","7","[CUDA memcpy HtoD]",5287
15.646067,0.017440,1366,1,1,384,1,1,8,0.000000,0,,,,,"Tesla P100-PCIE-16GB (0)","1","7","void scal_kernel_val<double, double>(cublasScalParamsVal<double, double>)",5311
15.646550,140.470447,192,22,1,256,1,1,119,16.250000,0,,,,,"Tesla P100-PCIE-16GB (0)","1","7","cosmaSgemm_kernel(float const *, int, float const *, int, float*, int)",5340
15.787029,0.001280,,,,,,,,,,112,83.446503,"Pageable","Device","Tesla P100-PCIE-16GB (0)","1","7","[CUDA memcpy HtoD]",5358
15.787275,0.016320,1366,1,1,384,1,1,8,0.000000,0,,,,,"Tesla P100-PCIE-16GB (0)","1","7","void scal_kernel_val<double, double>(cublasScalParamsVal<double, double>)",5382
15.787756,140.466064,192,22,1,256,1,1,119,16.250000,0,,,,,"Tesla P100-PCIE-16GB (0)","1","7","cosmaSgemm_kernel(float const *, int, float const *, int, float*, int)",5411
15.928231,0.001312,,,,,,,,,,112,81.411222,"Pageable","Device","Tesla P100-PCIE-16GB (0)","1","7","[CUDA memcpy HtoD]",5429
15.928479,0.016000,1366,1,1,384,1,1,8,0.000000,0,,,,,"Tesla P100-PCIE-16GB (0)","1","7","void scal_kernel_val<double, double>(cublasScalParamsVal<double, double>)",5453
15.928961,140.411152,192,22,1,256,1,1,119,16.250000,0,,,,,"Tesla P100-PCIE-16GB (0)","1","7","cosmaSgemm_kernel(float const *, int, float const *, int, float*, int)",5482
16.069378,0.001312,,,,,,,,,,112,81.411222,"Pageable","Device","Tesla P100-PCIE-16GB (0)","1","7","[CUDA memcpy HtoD]",5500
16.069627,0.017696,1366,1,1,384,1,1,8,0.000000,0,,,,,"Tesla P100-PCIE-16GB (0)","1","7","void scal_kernel_val<double, double>(cublasScalParamsVal<double, double>)",5524
16.070108,140.220594,192,22,1,256,1,1,119,16.250000,0,,,,,"Tesla P100-PCIE-16GB (0)","1","7","cosmaSgemm_kernel(float const *, int, float const *, int, float*, int)",5553
16.210336,0.001312,,,,,,,,,,112,81.411222,"Pageable","Device","Tesla P100-PCIE-16GB (0)","1","7","[CUDA memcpy HtoD]",5571
16.210582,0.017696,1366,1,1,384,1,1,8,0.000000,0,,,,,"Tesla P100-PCIE-16GB (0)","1","7","void scal_kernel_val<double, double>(cublasScalParamsVal<double, double>)",5595
16.211065,140.220370,192,22,1,256,1,1,119,16.250000,0,,,,,"Tesla P100-PCIE-16GB (0)","1","7","cosmaSgemm_kernel(float const *, int, float const *, int, float*, int)",5624
16.351293,0.001312,,,,,,,,,,112,81.411222,"Pageable","Device","Tesla P100-PCIE-16GB (0)","1","7","[CUDA memcpy HtoD]",5642
16.351540,0.018048,1366,1,1,384,1,1,8,0.000000,0,,,,,"Tesla P100-PCIE-16GB (0)","1","7","void scal_kernel_val<double, double>(cublasScalParamsVal<double, double>)",5666
16.352022,140.416880,192,22,1,256,1,1,119,16.250000,0,,,,,"Tesla P100-PCIE-16GB (0)","1","7","cosmaSgemm_kernel(float const *, int, float const *, int, float*, int)",5695
16.492447,0.001312,,,,,,,,,,112,81.411222,"Pageable","Device","Tesla P100-PCIE-16GB (0)","1","7","[CUDA memcpy HtoD]",5713
16.492695,0.017280,1366,1,1,384,1,1,8,0.000000,0,,,,,"Tesla P100-PCIE-16GB (0)","1","7","void scal_kernel_val<double, double>(cublasScalParamsVal<double, double>)",5737
16.493178,140.438671,192,22,1,256,1,1,119,16.250000,0,,,,,"Tesla P100-PCIE-16GB (0)","1","7","cosmaSgemm_kernel(float const *, int, float const *, int, float*, int)",5766
16.633625,0.001312,,,,,,,,,,112,81.411222,"Pageable","Device","Tesla P100-PCIE-16GB (0)","1","7","[CUDA memcpy HtoD]",5784
16.633872,0.016672,1366,1,1,384,1,1,8,0.000000,0,,,,,"Tesla P100-PCIE-16GB (0)","1","7","void scal_kernel_val<double, double>(cublasScalParamsVal<double, double>)",5808
16.634359,140.232114,192,22,1,256,1,1,119,16.250000,0,,,,,"Tesla P100-PCIE-16GB (0)","1","7","cosmaSgemm_kernel(float const *, int, float const *, int, float*, int)",5837
16.774599,0.001312,,,,,,,,,,112,81.411222,"Pageable","Device","Tesla P100-PCIE-16GB (0)","1","7","[CUDA memcpy HtoD]",5855
16.774857,0.016992,1366,1,1,384,1,1,8,0.000000,0,,,,,"Tesla P100-PCIE-16GB (0)","1","7","void scal_kernel_val<double, double>(cublasScalParamsVal<double, double>)",5879
16.775351,140.232978,192,22,1,256,1,1,119,16.250000,0,,,,,"Tesla P100-PCIE-16GB (0)","1","7","cosmaSgemm_kernel(float const *, int, float const *, int, float*, int)",5908
16.915591,0.001504,,,,,,,,,,112,71.018300,"Pageable","Device","Tesla P100-PCIE-16GB (0)","1","7","[CUDA memcpy HtoD]",5926
16.915853,0.017216,1366,1,1,384,1,1,8,0.000000,0,,,,,"Tesla P100-PCIE-16GB (0)","1","7","void scal_kernel_val<double, double>(cublasScalParamsVal<double, double>)",5950
16.916338,140.229905,192,22,1,256,1,1,119,16.250000,0,,,,,"Tesla P100-PCIE-16GB (0)","1","7","cosmaSgemm_kernel(float const *, int, float const *, int, float*, int)",5979
17.056575,0.001312,,,,,,,,,,112,81.411222,"Pageable","Device","Tesla P100-PCIE-16GB (0)","1","7","[CUDA memcpy HtoD]",5997
17.056823,0.017632,1366,1,1,384,1,1,8,0.000000,0,,,,,"Tesla P100-PCIE-16GB (0)","1","7","void scal_kernel_val<double, double>(cublasScalParamsVal<double, double>)",6021
17.057307,140.216562,192,22,1,256,1,1,119,16.250000,0,,,,,"Tesla P100-PCIE-16GB (0)","1","7","cosmaSgemm_kernel(float const *, int, float const *, int, float*, int)",6050
17.197530,0.001312,,,,,,,,,,112,81.411222,"Pageable","Device","Tesla P100-PCIE-16GB (0)","1","7","[CUDA memcpy HtoD]",6068
17.197828,0.017952,1366,1,1,384,1,1,8,0.000000,0,,,,,"Tesla P100-PCIE-16GB (0)","1","7","void scal_kernel_val<double, double>(cublasScalParamsVal<double, double>)",6092
17.198317,140.563150,192,22,1,256,1,1,119,16.250000,0,,,,,"Tesla P100-PCIE-16GB (0)","1","7","cosmaSgemm_kernel(float const *, int, float const *, int, float*, int)",6121
17.338886,0.001312,,,,,,,,,,112,81.411222,"Pageable","Device","Tesla P100-PCIE-16GB (0)","1","7","[CUDA memcpy HtoD]",6139
17.339134,0.017696,1366,1,1,384,1,1,8,0.000000,0,,,,,"Tesla P100-PCIE-16GB (0)","1","7","void scal_kernel_val<double, double>(cublasScalParamsVal<double, double>)",6163
17.339618,140.251986,192,22,1,256,1,1,119,16.250000,0,,,,,"Tesla P100-PCIE-16GB (0)","1","7","cosmaSgemm_kernel(float const *, int, float const *, int, float*, int)",6192
17.479878,0.001344,,,,,,,,,,112,79.472859,"Pageable","Device","Tesla P100-PCIE-16GB (0)","1","7","[CUDA memcpy HtoD]",6210
17.480127,0.018111,1366,1,1,384,1,1,8,0.000000,0,,,,,"Tesla P100-PCIE-16GB (0)","1","7","void scal_kernel_val<double, double>(cublasScalParamsVal<double, double>)",6234
17.480609,140.534863,192,22,1,256,1,1,119,16.250000,0,,,,,"Tesla P100-PCIE-16GB (0)","1","7","cosmaSgemm_kernel(float const *, int, float const *, int, float*, int)",6263
17.621152,0.001312,,,,,,,,,,112,81.411222,"Pageable","Device","Tesla P100-PCIE-16GB (0)","1","7","[CUDA memcpy HtoD]",6281
17.621405,0.016384,1366,1,1,384,1,1,8,0.000000,0,,,,,"Tesla P100-PCIE-16GB (0)","1","7","void scal_kernel_val<double, double>(cublasScalParamsVal<double, double>)",6305
17.621888,140.238130,192,22,1,256,1,1,119,16.250000,0,,,,,"Tesla P100-PCIE-16GB (0)","1","7","cosmaSgemm_kernel(float const *, int, float const *, int, float*, int)",6334
17.762134,0.001312,,,,,,,,,,112,81.411222,"Pageable","Device","Tesla P100-PCIE-16GB (0)","1","7","[CUDA memcpy HtoD]",6352
17.762381,0.017184,1366,1,1,384,1,1,8,0.000000,0,,,,,"Tesla P100-PCIE-16GB (0)","1","7","void scal_kernel_val<double, double>(cublasScalParamsVal<double, double>)",6376
17.762863,140.438160,192,22,1,256,1,1,119,16.250000,0,,,,,"Tesla P100-PCIE-16GB (0)","1","7","cosmaSgemm_kernel(float const *, int, float const *, int, float*, int)",6405
17.903309,0.001312,,,,,,,,,,112,81.411222,"Pageable","Device","Tesla P100-PCIE-16GB (0)","1","7","[CUDA memcpy HtoD]",6423
17.903557,0.016672,1366,1,1,384,1,1,8,0.000000,0,,,,,"Tesla P100-PCIE-16GB (0)","1","7","void scal_kernel_val<double, double>(cublasScalParamsVal<double, double>)",6447
17.904039,140.493872,192,22,1,256,1,1,119,16.250000,0,,,,,"Tesla P100-PCIE-16GB (0)","1","7","cosmaSgemm_kernel(float const *, int, float const *, int, float*, int)",6476
18.044540,0.001312,,,,,,,,,,112,81.411222,"Pageable","Device","Tesla P100-PCIE-16GB (0)","1","7","[CUDA memcpy HtoD]",6494
18.044787,0.016160,1366,1,1,384,1,1,8,0.000000,0,,,,,"Tesla P100-PCIE-16GB (0)","1","7","void scal_kernel_val<double, double>(cublasScalParamsVal<double, double>)",6518
18.045271,140.234289,192,22,1,256,1,1,119,16.250000,0,,,,,"Tesla P100-PCIE-16GB (0)","1","7","cosmaSgemm_kernel(float const *, int, float const *, int, float*, int)",6547
18.185513,0.001344,,,,,,,,,,112,79.472859,"Pageable","Device","Tesla P100-PCIE-16GB (0)","1","7","[CUDA memcpy HtoD]",6565
18.185763,0.018080,1366,1,1,384,1,1,8,0.000000,0,,,,,"Tesla P100-PCIE-16GB (0)","1","7","void scal_kernel_val<double, double>(cublasScalParamsVal<double, double>)",6589
18.186247,140.427888,192,22,1,256,1,1,119,16.250000,0,,,,,"Tesla P100-PCIE-16GB (0)","1","7","cosmaSgemm_kernel(float const *, int, float const *, int, float*, int)",6618
18.326681,0.001312,,,,,,,,,,112,81.411222,"Pageable","Device","Tesla P100-PCIE-16GB (0)","1","7","[CUDA memcpy HtoD]",6636
18.326929,0.017536,1366,1,1,384,1,1,8,0.000000,0,,,,,"Tesla P100-PCIE-16GB (0)","1","7","void scal_kernel_val<double, double>(cublasScalParamsVal<double, double>)",6660
18.327410,140.231762,192,22,1,256,1,1,119,16.250000,0,,,,,"Tesla P100-PCIE-16GB (0)","1","7","cosmaSgemm_kernel(float const *, int, float const *, int, float*, int)",6689
18.467649,0.001312,,,,,,,,,,112,81.411222,"Pageable","Device","Tesla P100-PCIE-16GB (0)","1","7","[CUDA memcpy HtoD]",6707
18.467899,0.017311,1366,1,1,384,1,1,8,0.000000,0,,,,,"Tesla P100-PCIE-16GB (0)","1","7","void scal_kernel_val<double, double>(cublasScalParamsVal<double, double>)",6731
18.468382,140.234354,192,22,1,256,1,1,119,16.250000,0,,,,,"Tesla P100-PCIE-16GB (0)","1","7","cosmaSgemm_kernel(float const *, int, float const *, int, float*, int)",6760
18.608624,0.001312,,,,,,,,,,112,81.411222,"Pageable","Device","Tesla P100-PCIE-16GB (0)","1","7","[CUDA memcpy HtoD]",6778
18.608873,0.018208,1366,1,1,384,1,1,8,0.000000,0,,,,,"Tesla P100-PCIE-16GB (0)","1","7","void scal_kernel_val<double, double>(cublasScalParamsVal<double, double>)",6802
18.609371,140.230962,192,22,1,256,1,1,119,16.250000,0,,,,,"Tesla P100-PCIE-16GB (0)","1","7","cosmaSgemm_kernel(float const *, int, float const *, int, float*, int)",6831
18.749610,0.001312,,,,,,,,,,112,81.411222,"Pageable","Device","Tesla P100-PCIE-16GB (0)","1","7","[CUDA memcpy HtoD]",6849
18.749864,0.017984,1366,1,1,384,1,1,8,0.000000,0,,,,,"Tesla P100-PCIE-16GB (0)","1","7","void scal_kernel_val<double, double>(cublasScalParamsVal<double, double>)",6873
18.750347,140.223314,192,22,1,256,1,1,119,16.250000,0,,,,,"Tesla P100-PCIE-16GB (0)","1","7","cosmaSgemm_kernel(float const *, int, float const *, int, float*, int)",6902
18.890579,0.001312,,,,,,,,,,112,81.411222,"Pageable","Device","Tesla P100-PCIE-16GB (0)","1","7","[CUDA memcpy HtoD]",6920
18.890826,0.018048,1366,1,1,384,1,1,8,0.000000,0,,,,,"Tesla P100-PCIE-16GB (0)","1","7","void scal_kernel_val<double, double>(cublasScalParamsVal<double, double>)",6944
18.891309,140.221458,192,22,1,256,1,1,119,16.250000,0,,,,,"Tesla P100-PCIE-16GB (0)","1","7","cosmaSgemm_kernel(float const *, int, float const *, int, float*, int)",6973
19.031537,0.001312,,,,,,,,,,112,81.411222,"Pageable","Device","Tesla P100-PCIE-16GB (0)","1","7","[CUDA memcpy HtoD]",6991
19.031798,0.018175,1366,1,1,384,1,1,8,0.000000,0,,,,,"Tesla P100-PCIE-16GB (0)","1","7","void scal_kernel_val<double, double>(cublasScalParamsVal<double, double>)",7015
19.032287,140.236786,192,22,1,256,1,1,119,16.250000,0,,,,,"Tesla P100-PCIE-16GB (0)","1","7","cosmaSgemm_kernel(float const *, int, float const *, int, float*, int)",7044
19.172532,0.001312,,,,,,,,,,112,81.411222,"Pageable","Device","Tesla P100-PCIE-16GB (0)","1","7","[CUDA memcpy HtoD]",7062
19.172780,0.017472,1366,1,1,384,1,1,8,0.000000,0,,,,,"Tesla P100-PCIE-16GB (0)","1","7","void scal_kernel_val<double, double>(cublasScalParamsVal<double, double>)",7086
