==16524== NVPROF is profiling process 16524, command: ./cuCOSMA
==16524== Profiling application: ./cuCOSMA
==16524== Profiling result:
"Start","Duration","Grid X","Grid Y","Grid Z","Block X","Block Y","Block Z","Registers Per Thread","Static SMem","Dynamic SMem","Size","Throughput","SrcMemType","DstMemType","Device","Context","Stream","Name","Correlation_ID"
s,us,,,,,,,,KB,B,B,MB/s,,,,,,,
1.854111,1.824000,,,,,,,,,,112,58.558949,"Pageable","Device","Tesla V100-PCIE-32GB (0)","1","7","[CUDA memcpy HtoD]",43
1.855293,3.456000,2,1,1,256,1,1,16,0.000000,0,,,,,"Tesla V100-PCIE-32GB (0)","1","7","void scal_kernel_val<float, float>(cublasScalParamsVal<float, float>)",157
1.855573,478.012000,1,1,320,32,1,1,48,1.750000,0,,,,,"Tesla V100-PCIE-32GB (0)","1","7","cosmaSgemm_kernel(float const *, int, float const *, int, float*, int)",187
1.856677,1.440000,,,,,,,,,,112,74.174668,"Pageable","Device","Tesla V100-PCIE-32GB (0)","1","7","[CUDA memcpy HtoD]",208
1.857358,17.152000,2048,1,1,384,1,1,16,0.000000,0,,,,,"Tesla V100-PCIE-32GB (0)","1","7","void scal_kernel_val<double, double>(cublasScalParamsVal<double, double>)",322
1.857815,1.472000,,,,,,,,,,112,72.562176,"Pageable","Device","Tesla V100-PCIE-32GB (0)","1","7","[CUDA memcpy HtoD]",369
1.858486,3.584000,2,1,1,256,1,1,16,0.000000,0,,,,,"Tesla V100-PCIE-32GB (0)","1","7","void scal_kernel_val<float, float>(cublasScalParamsVal<float, float>)",483
1.858753,478.875000,1,1,320,32,1,1,48,1.750000,0,,,,,"Tesla V100-PCIE-32GB (0)","1","7","cosmaSgemm_kernel(float const *, int, float const *, int, float*, int)",513
1.859837,1.472000,,,,,,,,,,112,72.562176,"Pageable","Device","Tesla V100-PCIE-32GB (0)","1","7","[CUDA memcpy HtoD]",534
1.860487,16.127000,2048,1,1,384,1,1,16,0.000000,0,,,,,"Tesla V100-PCIE-32GB (0)","1","7","void scal_kernel_val<double, double>(cublasScalParamsVal<double, double>)",648
1.860927,1.472000,,,,,,,,,,112,72.562176,"Pageable","Device","Tesla V100-PCIE-32GB (0)","1","7","[CUDA memcpy HtoD]",695
1.861587,3.712000,2,1,1,256,1,1,16,0.000000,0,,,,,"Tesla V100-PCIE-32GB (0)","1","7","void scal_kernel_val<float, float>(cublasScalParamsVal<float, float>)",809
1.861851,476.283000,1,1,320,32,1,1,48,1.750000,0,,,,,"Tesla V100-PCIE-32GB (0)","1","7","cosmaSgemm_kernel(float const *, int, float const *, int, float*, int)",839
1.862923,1.472000,,,,,,,,,,112,72.562176,"Pageable","Device","Tesla V100-PCIE-32GB (0)","1","7","[CUDA memcpy HtoD]",860
1.863576,16.160000,2048,1,1,384,1,1,16,0.000000,0,,,,,"Tesla V100-PCIE-32GB (0)","1","7","void scal_kernel_val<double, double>(cublasScalParamsVal<double, double>)",974
1.864024,1.472000,,,,,,,,,,112,72.562176,"Pageable","Device","Tesla V100-PCIE-32GB (0)","1","7","[CUDA memcpy HtoD]",1021
1.864680,3.616000,2,1,1,256,1,1,16,0.000000,0,,,,,"Tesla V100-PCIE-32GB (0)","1","7","void scal_kernel_val<float, float>(cublasScalParamsVal<float, float>)",1135
1.864949,480.060000,1,1,320,32,1,1,48,1.750000,0,,,,,"Tesla V100-PCIE-32GB (0)","1","7","cosmaSgemm_kernel(float const *, int, float const *, int, float*, int)",1165
1.866026,1.440000,,,,,,,,,,112,74.174668,"Pageable","Device","Tesla V100-PCIE-32GB (0)","1","7","[CUDA memcpy HtoD]",1186
1.866670,15.904000,2048,1,1,384,1,1,16,0.000000,0,,,,,"Tesla V100-PCIE-32GB (0)","1","7","void scal_kernel_val<double, double>(cublasScalParamsVal<double, double>)",1300
1.867129,1.504000,,,,,,,,,,112,71.018300,"Pageable","Device","Tesla V100-PCIE-32GB (0)","1","7","[CUDA memcpy HtoD]",1347
1.867788,3.583000,2,1,1,256,1,1,16,0.000000,0,,,,,"Tesla V100-PCIE-32GB (0)","1","7","void scal_kernel_val<float, float>(cublasScalParamsVal<float, float>)",1461
1.868065,476.763000,1,1,320,32,1,1,48,1.750000,0,,,,,"Tesla V100-PCIE-32GB (0)","1","7","cosmaSgemm_kernel(float const *, int, float const *, int, float*, int)",1491
1.869231,1.472000,,,,,,,,,,112,72.562176,"Pageable","Device","Tesla V100-PCIE-32GB (0)","1","7","[CUDA memcpy HtoD]",1512
1.870453,16.288000,2048,1,1,384,1,1,16,0.000000,0,,,,,"Tesla V100-PCIE-32GB (0)","1","7","void scal_kernel_val<double, double>(cublasScalParamsVal<double, double>)",1626
1.870891,2.592000,,,,,,,,,,112,41.208149,"Pageable","Device","Tesla V100-PCIE-32GB (0)","1","7","[CUDA memcpy HtoD]",1673
1.871552,3.776000,2,1,1,256,1,1,16,0.000000,0,,,,,"Tesla V100-PCIE-32GB (0)","1","7","void scal_kernel_val<float, float>(cublasScalParamsVal<float, float>)",1787
1.871817,478.236000,1,1,320,32,1,1,48,1.750000,0,,,,,"Tesla V100-PCIE-32GB (0)","1","7","cosmaSgemm_kernel(float const *, int, float const *, int, float*, int)",1817
1.872890,1.472000,,,,,,,,,,112,72.562176,"Pageable","Device","Tesla V100-PCIE-32GB (0)","1","7","[CUDA memcpy HtoD]",1838
1.873538,16.000000,2048,1,1,384,1,1,16,0.000000,0,,,,,"Tesla V100-PCIE-32GB (0)","1","7","void scal_kernel_val<double, double>(cublasScalParamsVal<double, double>)",1952
1.874972,1.472000,,,,,,,,,,112,72.562176,"Pageable","Device","Tesla V100-PCIE-32GB (0)","1","7","[CUDA memcpy HtoD]",1999
1.875640,3.776000,2,1,1,256,1,1,16,0.000000,0,,,,,"Tesla V100-PCIE-32GB (0)","1","7","void scal_kernel_val<float, float>(cublasScalParamsVal<float, float>)",2113
1.875911,479.867000,1,1,320,32,1,1,48,1.750000,0,,,,,"Tesla V100-PCIE-32GB (0)","1","7","cosmaSgemm_kernel(float const *, int, float const *, int, float*, int)",2143
1.877005,1.472000,,,,,,,,,,112,72.562176,"Pageable","Device","Tesla V100-PCIE-32GB (0)","1","7","[CUDA memcpy HtoD]",2164
1.877657,15.776000,2048,1,1,384,1,1,16,0.000000,0,,,,,"Tesla V100-PCIE-32GB (0)","1","7","void scal_kernel_val<double, double>(cublasScalParamsVal<double, double>)",2278
1.878111,1.504000,,,,,,,,,,112,71.018300,"Pageable","Device","Tesla V100-PCIE-32GB (0)","1","7","[CUDA memcpy HtoD]",2325
1.878769,3.552000,2,1,1,256,1,1,16,0.000000,0,,,,,"Tesla V100-PCIE-32GB (0)","1","7","void scal_kernel_val<float, float>(cublasScalParamsVal<float, float>)",2439
1.879040,477.596000,1,1,320,32,1,1,48,1.750000,0,,,,,"Tesla V100-PCIE-32GB (0)","1","7","cosmaSgemm_kernel(float const *, int, float const *, int, float*, int)",2469
1.880117,1.472000,,,,,,,,,,112,72.562176,"Pageable","Device","Tesla V100-PCIE-32GB (0)","1","7","[CUDA memcpy HtoD]",2490
1.880761,16.224000,2048,1,1,384,1,1,16,0.000000,0,,,,,"Tesla V100-PCIE-32GB (0)","1","7","void scal_kernel_val<double, double>(cublasScalParamsVal<double, double>)",2604
1.881206,1.472000,,,,,,,,,,112,72.562176,"Pageable","Device","Tesla V100-PCIE-32GB (0)","1","7","[CUDA memcpy HtoD]",2651
1.881861,3.616000,2,1,1,256,1,1,16,0.000000,0,,,,,"Tesla V100-PCIE-32GB (0)","1","7","void scal_kernel_val<float, float>(cublasScalParamsVal<float, float>)",2765
1.882133,478.203000,1,1,320,32,1,1,48,1.750000,0,,,,,"Tesla V100-PCIE-32GB (0)","1","7","cosmaSgemm_kernel(float const *, int, float const *, int, float*, int)",2795
1.883214,1.472000,,,,,,,,,,112,72.562176,"Pageable","Device","Tesla V100-PCIE-32GB (0)","1","7","[CUDA memcpy HtoD]",2816
1.883855,16.064000,2048,1,1,384,1,1,16,0.000000,0,,,,,"Tesla V100-PCIE-32GB (0)","1","7","void scal_kernel_val<double, double>(cublasScalParamsVal<double, double>)",2930
1.884316,1.472000,,,,,,,,,,112,72.562176,"Pageable","Device","Tesla V100-PCIE-32GB (0)","1","7","[CUDA memcpy HtoD]",2977
1.884974,3.552000,2,1,1,256,1,1,16,0.000000,0,,,,,"Tesla V100-PCIE-32GB (0)","1","7","void scal_kernel_val<float, float>(cublasScalParamsVal<float, float>)",3091
1.885253,476.796000,1,1,320,32,1,1,48,1.750000,0,,,,,"Tesla V100-PCIE-32GB (0)","1","7","cosmaSgemm_kernel(float const *, int, float const *, int, float*, int)",3121
1.886328,1.472000,,,,,,,,,,112,72.562176,"Pageable","Device","Tesla V100-PCIE-32GB (0)","1","7","[CUDA memcpy HtoD]",3142
1.886976,15.808000,2048,1,1,384,1,1,16,0.000000,0,,,,,"Tesla V100-PCIE-32GB (0)","1","7","void scal_kernel_val<double, double>(cublasScalParamsVal<double, double>)",3256
1.887427,1.504000,,,,,,,,,,112,71.018300,"Pageable","Device","Tesla V100-PCIE-32GB (0)","1","7","[CUDA memcpy HtoD]",3303
1.888090,3.584000,2,1,1,256,1,1,16,0.000000,0,,,,,"Tesla V100-PCIE-32GB (0)","1","7","void scal_kernel_val<float, float>(cublasScalParamsVal<float, float>)",3417
1.888362,480.667000,1,1,320,32,1,1,48,1.750000,0,,,,,"Tesla V100-PCIE-32GB (0)","1","7","cosmaSgemm_kernel(float const *, int, float const *, int, float*, int)",3447
1.890538,1.472000,,,,,,,,,,112,72.562176,"Pageable","Device","Tesla V100-PCIE-32GB (0)","1","7","[CUDA memcpy HtoD]",3468
1.891186,16.320000,2048,1,1,384,1,1,16,0.000000,0,,,,,"Tesla V100-PCIE-32GB (0)","1","7","void scal_kernel_val<double, double>(cublasScalParamsVal<double, double>)",3582
1.891625,2.560000,,,,,,,,,,112,41.723251,"Pageable","Device","Tesla V100-PCIE-32GB (0)","1","7","[CUDA memcpy HtoD]",3629
1.892286,3.552000,2,1,1,256,1,1,16,0.000000,0,,,,,"Tesla V100-PCIE-32GB (0)","1","7","void scal_kernel_val<float, float>(cublasScalParamsVal<float, float>)",3743
1.892551,480.732000,1,1,320,32,1,1,48,1.750000,0,,,,,"Tesla V100-PCIE-32GB (0)","1","7","cosmaSgemm_kernel(float const *, int, float const *, int, float*, int)",3773
1.893627,1.472000,,,,,,,,,,112,72.562176,"Pageable","Device","Tesla V100-PCIE-32GB (0)","1","7","[CUDA memcpy HtoD]",3794
1.895006,16.864000,2048,1,1,384,1,1,16,0.000000,0,,,,,"Tesla V100-PCIE-32GB (0)","1","7","void scal_kernel_val<double, double>(cublasScalParamsVal<double, double>)",3908
1.895454,1.472000,,,,,,,,,,112,72.562176,"Pageable","Device","Tesla V100-PCIE-32GB (0)","1","7","[CUDA memcpy HtoD]",3955
1.896118,3.552000,2,1,1,256,1,1,16,0.000000,0,,,,,"Tesla V100-PCIE-32GB (0)","1","7","void scal_kernel_val<float, float>(cublasScalParamsVal<float, float>)",4069
1.896388,479.227000,1,1,320,32,1,1,48,1.750000,0,,,,,"Tesla V100-PCIE-32GB (0)","1","7","cosmaSgemm_kernel(float const *, int, float const *, int, float*, int)",4099
1.897743,1.472000,,,,,,,,,,112,72.562176,"Pageable","Device","Tesla V100-PCIE-32GB (0)","1","7","[CUDA memcpy HtoD]",4120
1.898526,15.903000,2048,1,1,384,1,1,16,0.000000,0,,,,,"Tesla V100-PCIE-32GB (0)","1","7","void scal_kernel_val<double, double>(cublasScalParamsVal<double, double>)",4234
1.898975,1.440000,,,,,,,,,,112,74.174668,"Pageable","Device","Tesla V100-PCIE-32GB (0)","1","7","[CUDA memcpy HtoD]",4281
1.899640,3.808000,2,1,1,256,1,1,16,0.000000,0,,,,,"Tesla V100-PCIE-32GB (0)","1","7","void scal_kernel_val<float, float>(cublasScalParamsVal<float, float>)",4395
1.899905,477.595000,1,1,320,32,1,1,48,1.750000,0,,,,,"Tesla V100-PCIE-32GB (0)","1","7","cosmaSgemm_kernel(float const *, int, float const *, int, float*, int)",4425
1.900985,1.472000,,,,,,,,,,112,72.562176,"Pageable","Device","Tesla V100-PCIE-32GB (0)","1","7","[CUDA memcpy HtoD]",4446
1.901612,16.128000,2048,1,1,384,1,1,16,0.000000,0,,,,,"Tesla V100-PCIE-32GB (0)","1","7","void scal_kernel_val<double, double>(cublasScalParamsVal<double, double>)",4560
1.902059,1.472000,,,,,,,,,,112,72.562176,"Pageable","Device","Tesla V100-PCIE-32GB (0)","1","7","[CUDA memcpy HtoD]",4607
1.902717,3.616000,2,1,1,256,1,1,16,0.000000,0,,,,,"Tesla V100-PCIE-32GB (0)","1","7","void scal_kernel_val<float, float>(cublasScalParamsVal<float, float>)",4721
1.902984,476.476000,1,1,320,32,1,1,48,1.750000,0,,,,,"Tesla V100-PCIE-32GB (0)","1","7","cosmaSgemm_kernel(float const *, int, float const *, int, float*, int)",4751
1.904086,1.472000,,,,,,,,,,112,72.562176,"Pageable","Device","Tesla V100-PCIE-32GB (0)","1","7","[CUDA memcpy HtoD]",4772
1.904738,15.840000,2048,1,1,384,1,1,16,0.000000,0,,,,,"Tesla V100-PCIE-32GB (0)","1","7","void scal_kernel_val<double, double>(cublasScalParamsVal<double, double>)",4886
1.905220,1.472000,,,,,,,,,,112,72.562176,"Pageable","Device","Tesla V100-PCIE-32GB (0)","1","7","[CUDA memcpy HtoD]",4933
1.905879,3.584000,2,1,1,256,1,1,16,0.000000,0,,,,,"Tesla V100-PCIE-32GB (0)","1","7","void scal_kernel_val<float, float>(cublasScalParamsVal<float, float>)",5047
1.906152,478.940000,1,1,320,32,1,1,48,1.750000,0,,,,,"Tesla V100-PCIE-32GB (0)","1","7","cosmaSgemm_kernel(float const *, int, float const *, int, float*, int)",5077
1.907250,1.472000,,,,,,,,,,112,72.562176,"Pageable","Device","Tesla V100-PCIE-32GB (0)","1","7","[CUDA memcpy HtoD]",5098
1.907906,15.680000,2048,1,1,384,1,1,16,0.000000,0,,,,,"Tesla V100-PCIE-32GB (0)","1","7","void scal_kernel_val<double, double>(cublasScalParamsVal<double, double>)",5212
1.908363,1.504000,,,,,,,,,,112,71.018300,"Pageable","Device","Tesla V100-PCIE-32GB (0)","1","7","[CUDA memcpy HtoD]",5259
1.909029,3.552000,2,1,1,256,1,1,16,0.000000,0,,,,,"Tesla V100-PCIE-32GB (0)","1","7","void scal_kernel_val<float, float>(cublasScalParamsVal<float, float>)",5373
1.909296,482.459000,1,1,320,32,1,1,48,1.750000,0,,,,,"Tesla V100-PCIE-32GB (0)","1","7","cosmaSgemm_kernel(float const *, int, float const *, int, float*, int)",5403
1.911285,1.472000,,,,,,,,,,112,72.562176,"Pageable","Device","Tesla V100-PCIE-32GB (0)","1","7","[CUDA memcpy HtoD]",5424
1.911929,15.648000,2048,1,1,384,1,1,16,0.000000,0,,,,,"Tesla V100-PCIE-32GB (0)","1","7","void scal_kernel_val<double, double>(cublasScalParamsVal<double, double>)",5538
1.912383,1.472000,,,,,,,,,,112,72.562176,"Pageable","Device","Tesla V100-PCIE-32GB (0)","1","7","[CUDA memcpy HtoD]",5585
1.913051,3.616000,2,1,1,256,1,1,16,0.000000,0,,,,,"Tesla V100-PCIE-32GB (0)","1","7","void scal_kernel_val<float, float>(cublasScalParamsVal<float, float>)",5699
1.913318,476.827000,1,1,320,32,1,1,48,1.750000,0,,,,,"Tesla V100-PCIE-32GB (0)","1","7","cosmaSgemm_kernel(float const *, int, float const *, int, float*, int)",5729
1.915383,1.440000,,,,,,,,,,112,74.174668,"Pageable","Device","Tesla V100-PCIE-32GB (0)","1","7","[CUDA memcpy HtoD]",5750
1.916043,16.736000,2048,1,1,384,1,1,16,0.000000,0,,,,,"Tesla V100-PCIE-32GB (0)","1","7","void scal_kernel_val<double, double>(cublasScalParamsVal<double, double>)",5864
1.916492,1.472000,,,,,,,,,,112,72.562176,"Pageable","Device","Tesla V100-PCIE-32GB (0)","1","7","[CUDA memcpy HtoD]",5911
1.917164,3.616000,2,1,1,256,1,1,16,0.000000,0,,,,,"Tesla V100-PCIE-32GB (0)","1","7","void scal_kernel_val<float, float>(cublasScalParamsVal<float, float>)",6025
1.917436,479.131000,1,1,320,32,1,1,48,1.750000,0,,,,,"Tesla V100-PCIE-32GB (0)","1","7","cosmaSgemm_kernel(float const *, int, float const *, int, float*, int)",6055
1.918539,1.472000,,,,,,,,,,112,72.562176,"Pageable","Device","Tesla V100-PCIE-32GB (0)","1","7","[CUDA memcpy HtoD]",6076
1.919182,15.840000,2048,1,1,384,1,1,16,0.000000,0,,,,,"Tesla V100-PCIE-32GB (0)","1","7","void scal_kernel_val<double, double>(cublasScalParamsVal<double, double>)",6190
1.919625,1.472000,,,,,,,,,,112,72.562176,"Pageable","Device","Tesla V100-PCIE-32GB (0)","1","7","[CUDA memcpy HtoD]",6237
1.920290,3.456000,2,1,1,256,1,1,16,0.000000,0,,,,,"Tesla V100-PCIE-32GB (0)","1","7","void scal_kernel_val<float, float>(cublasScalParamsVal<float, float>)",6351
1.920558,478.716000,1,1,320,32,1,1,48,1.750000,0,,,,,"Tesla V100-PCIE-32GB (0)","1","7","cosmaSgemm_kernel(float const *, int, float const *, int, float*, int)",6381
1.921643,1.472000,,,,,,,,,,112,72.562176,"Pageable","Device","Tesla V100-PCIE-32GB (0)","1","7","[CUDA memcpy HtoD]",6402
1.922271,16.672000,2048,1,1,384,1,1,16,0.000000,0,,,,,"Tesla V100-PCIE-32GB (0)","1","7","void scal_kernel_val<double, double>(cublasScalParamsVal<double, double>)",6516
1.922714,1.472000,,,,,,,,,,112,72.562176,"Pageable","Device","Tesla V100-PCIE-32GB (0)","1","7","[CUDA memcpy HtoD]",6563
1.923379,3.616000,2,1,1,256,1,1,16,0.000000,0,,,,,"Tesla V100-PCIE-32GB (0)","1","7","void scal_kernel_val<float, float>(cublasScalParamsVal<float, float>)",6677
1.923650,478.171000,1,1,320,32,1,1,48,1.750000,0,,,,,"Tesla V100-PCIE-32GB (0)","1","7","cosmaSgemm_kernel(float const *, int, float const *, int, float*, int)",6707
1.924752,1.440000,,,,,,,,,,112,74.174668,"Pageable","Device","Tesla V100-PCIE-32GB (0)","1","7","[CUDA memcpy HtoD]",6728
1.925412,15.808000,2048,1,1,384,1,1,16,0.000000,0,,,,,"Tesla V100-PCIE-32GB (0)","1","7","void scal_kernel_val<double, double>(cublasScalParamsVal<double, double>)",6842
1.925854,1.472000,,,,,,,,,,112,72.562176,"Pageable","Device","Tesla V100-PCIE-32GB (0)","1","7","[CUDA memcpy HtoD]",6889
1.926521,3.616000,2,1,1,256,1,1,16,0.000000,0,,,,,"Tesla V100-PCIE-32GB (0)","1","7","void scal_kernel_val<float, float>(cublasScalParamsVal<float, float>)",7003
1.926791,480.828000,1,1,320,32,1,1,48,1.750000,0,,,,,"Tesla V100-PCIE-32GB (0)","1","7","cosmaSgemm_kernel(float const *, int, float const *, int, float*, int)",7033
1.927894,1.568000,,,,,,,,,,112,68.119594,"Pageable","Device","Tesla V100-PCIE-32GB (0)","1","7","[CUDA memcpy HtoD]",7054
1.928550,15.680000,2048,1,1,384,1,1,16,0.000000,0,,,,,"Tesla V100-PCIE-32GB (0)","1","7","void scal_kernel_val<double, double>(cublasScalParamsVal<double, double>)",7168
1.929002,1.504000,,,,,,,,,,112,71.018300,"Pageable","Device","Tesla V100-PCIE-32GB (0)","1","7","[CUDA memcpy HtoD]",7215
1.930557,3.584000,2,1,1,256,1,1,16,0.000000,0,,,,,"Tesla V100-PCIE-32GB (0)","1","7","void scal_kernel_val<float, float>(cublasScalParamsVal<float, float>)",7329
1.930823,482.843000,1,1,320,32,1,1,48,1.750000,0,,,,,"Tesla V100-PCIE-32GB (0)","1","7","cosmaSgemm_kernel(float const *, int, float const *, int, float*, int)",7359
1.931903,1.824000,,,,,,,,,,112,58.558949,"Pageable","Device","Tesla V100-PCIE-32GB (0)","1","7","[CUDA memcpy HtoD]",7380
1.932558,15.647000,2048,1,1,384,1,1,16,0.000000,0,,,,,"Tesla V100-PCIE-32GB (0)","1","7","void scal_kernel_val<double, double>(cublasScalParamsVal<double, double>)",7494
1.933002,1.472000,,,,,,,,,,112,72.562176,"Pageable","Device","Tesla V100-PCIE-32GB (0)","1","7","[CUDA memcpy HtoD]",7541
1.933662,3.584000,2,1,1,256,1,1,16,0.000000,0,,,,,"Tesla V100-PCIE-32GB (0)","1","7","void scal_kernel_val<float, float>(cublasScalParamsVal<float, float>)",7655
1.933930,480.315000,1,1,320,32,1,1,48,1.750000,0,,,,,"Tesla V100-PCIE-32GB (0)","1","7","cosmaSgemm_kernel(float const *, int, float const *, int, float*, int)",7685
1.935645,1.472000,,,,,,,,,,112,72.562176,"Pageable","Device","Tesla V100-PCIE-32GB (0)","1","7","[CUDA memcpy HtoD]",7706
1.936306,15.744000,2048,1,1,384,1,1,16,0.000000,0,,,,,"Tesla V100-PCIE-32GB (0)","1","7","void scal_kernel_val<double, double>(cublasScalParamsVal<double, double>)",7820
1.936766,1.504000,,,,,,,,,,112,71.018300,"Pageable","Device","Tesla V100-PCIE-32GB (0)","1","7","[CUDA memcpy HtoD]",7867
1.937441,3.648000,2,1,1,256,1,1,16,0.000000,0,,,,,"Tesla V100-PCIE-32GB (0)","1","7","void scal_kernel_val<float, float>(cublasScalParamsVal<float, float>)",7981
1.937713,483.131000,1,1,320,32,1,1,48,1.750000,0,,,,,"Tesla V100-PCIE-32GB (0)","1","7","cosmaSgemm_kernel(float const *, int, float const *, int, float*, int)",8011
1.938792,1.472000,,,,,,,,,,112,72.562176,"Pageable","Device","Tesla V100-PCIE-32GB (0)","1","7","[CUDA memcpy HtoD]",8032
1.939445,16.096000,2048,1,1,384,1,1,16,0.000000,0,,,,,"Tesla V100-PCIE-32GB (0)","1","7","void scal_kernel_val<double, double>(cublasScalParamsVal<double, double>)",8146
1.939888,1.472000,,,,,,,,,,112,72.562176,"Pageable","Device","Tesla V100-PCIE-32GB (0)","1","7","[CUDA memcpy HtoD]",8193
1.940553,3.712000,2,1,1,256,1,1,16,0.000000,0,,,,,"Tesla V100-PCIE-32GB (0)","1","7","void scal_kernel_val<float, float>(cublasScalParamsVal<float, float>)",8307
1.940819,478.972000,1,1,320,32,1,1,48,1.750000,0,,,,,"Tesla V100-PCIE-32GB (0)","1","7","cosmaSgemm_kernel(float const *, int, float const *, int, float*, int)",8337
1.941894,1.472000,,,,,,,,,,112,72.562176,"Pageable","Device","Tesla V100-PCIE-32GB (0)","1","7","[CUDA memcpy HtoD]",8358
1.942546,15.872000,2048,1,1,384,1,1,16,0.000000,0,,,,,"Tesla V100-PCIE-32GB (0)","1","7","void scal_kernel_val<double, double>(cublasScalParamsVal<double, double>)",8472
1.942985,1.472000,,,,,,,,,,112,72.562176,"Pageable","Device","Tesla V100-PCIE-32GB (0)","1","7","[CUDA memcpy HtoD]",8519
1.943662,3.584000,2,1,1,256,1,1,16,0.000000,0,,,,,"Tesla V100-PCIE-32GB (0)","1","7","void scal_kernel_val<float, float>(cublasScalParamsVal<float, float>)",8633
1.943931,482.459000,1,1,320,32,1,1,48,1.750000,0,,,,,"Tesla V100-PCIE-32GB (0)","1","7","cosmaSgemm_kernel(float const *, int, float const *, int, float*, int)",8663
1.945037,1.472000,,,,,,,,,,112,72.562176,"Pageable","Device","Tesla V100-PCIE-32GB (0)","1","7","[CUDA memcpy HtoD]",8684
1.945683,16.032000,2048,1,1,384,1,1,16,0.000000,0,,,,,"Tesla V100-PCIE-32GB (0)","1","7","void scal_kernel_val<double, double>(cublasScalParamsVal<double, double>)",8798
1.946131,1.472000,,,,,,,,,,112,72.562176,"Pageable","Device","Tesla V100-PCIE-32GB (0)","1","7","[CUDA memcpy HtoD]",8845
1.946790,3.552000,2,1,1,256,1,1,16,0.000000,0,,,,,"Tesla V100-PCIE-32GB (0)","1","7","void scal_kernel_val<float, float>(cublasScalParamsVal<float, float>)",8959
1.947063,476.956000,1,1,320,32,1,1,48,1.750000,0,,,,,"Tesla V100-PCIE-32GB (0)","1","7","cosmaSgemm_kernel(float const *, int, float const *, int, float*, int)",8989
1.948167,1.472000,,,,,,,,,,112,72.562176,"Pageable","Device","Tesla V100-PCIE-32GB (0)","1","7","[CUDA memcpy HtoD]",9010
1.948819,15.968000,2048,1,1,384,1,1,16,0.000000,0,,,,,"Tesla V100-PCIE-32GB (0)","1","7","void scal_kernel_val<double, double>(cublasScalParamsVal<double, double>)",9124
1.950323,1.472000,,,,,,,,,,112,72.562176,"Pageable","Device","Tesla V100-PCIE-32GB (0)","1","7","[CUDA memcpy HtoD]",9171
1.951014,3.584000,2,1,1,256,1,1,16,0.000000,0,,,,,"Tesla V100-PCIE-32GB (0)","1","7","void scal_kernel_val<float, float>(cublasScalParamsVal<float, float>)",9285
1.951298,476.636000,1,1,320,32,1,1,48,1.750000,0,,,,,"Tesla V100-PCIE-32GB (0)","1","7","cosmaSgemm_kernel(float const *, int, float const *, int, float*, int)",9315
1.952375,1.472000,,,,,,,,,,112,72.562176,"Pageable","Device","Tesla V100-PCIE-32GB (0)","1","7","[CUDA memcpy HtoD]",9336
1.953031,16.064000,2048,1,1,384,1,1,16,0.000000,0,,,,,"Tesla V100-PCIE-32GB (0)","1","7","void scal_kernel_val<double, double>(cublasScalParamsVal<double, double>)",9450
1.953474,1.472000,,,,,,,,,,112,72.562176,"Pageable","Device","Tesla V100-PCIE-32GB (0)","1","7","[CUDA memcpy HtoD]",9497
1.954139,3.584000,2,1,1,256,1,1,16,0.000000,0,,,,,"Tesla V100-PCIE-32GB (0)","1","7","void scal_kernel_val<float, float>(cublasScalParamsVal<float, float>)",9611
1.954407,480.635000,1,1,320,32,1,1,48,1.750000,0,,,,,"Tesla V100-PCIE-32GB (0)","1","7","cosmaSgemm_kernel(float const *, int, float const *, int, float*, int)",9641
1.955511,1.440000,,,,,,,,,,112,74.174668,"Pageable","Device","Tesla V100-PCIE-32GB (0)","1","7","[CUDA memcpy HtoD]",9662
1.956170,16.256000,2048,1,1,384,1,1,16,0.000000,0,,,,,"Tesla V100-PCIE-32GB (0)","1","7","void scal_kernel_val<double, double>(cublasScalParamsVal<double, double>)",9776
1.956623,1.472000,,,,,,,,,,112,72.562176,"Pageable","Device","Tesla V100-PCIE-32GB (0)","1","7","[CUDA memcpy HtoD]",9823
1.957289,3.935000,2,1,1,256,1,1,16,0.000000,0,,,,,"Tesla V100-PCIE-32GB (0)","1","7","void scal_kernel_val<float, float>(cublasScalParamsVal<float, float>)",9937
1.957559,480.571000,1,1,320,32,1,1,48,1.750000,0,,,,,"Tesla V100-PCIE-32GB (0)","1","7","cosmaSgemm_kernel(float const *, int, float const *, int, float*, int)",9967
1.958635,1.472000,,,,,,,,,,112,72.562176,"Pageable","Device","Tesla V100-PCIE-32GB (0)","1","7","[CUDA memcpy HtoD]",9988
1.959287,15.551000,2048,1,1,384,1,1,16,0.000000,0,,,,,"Tesla V100-PCIE-32GB (0)","1","7","void scal_kernel_val<double, double>(cublasScalParamsVal<double, double>)",10102
1.959737,1.472000,,,,,,,,,,112,72.562176,"Pageable","Device","Tesla V100-PCIE-32GB (0)","1","7","[CUDA memcpy HtoD]",10149
1.960410,3.648000,2,1,1,256,1,1,16,0.000000,0,,,,,"Tesla V100-PCIE-32GB (0)","1","7","void scal_kernel_val<float, float>(cublasScalParamsVal<float, float>)",10263
1.960683,481.116000,1,1,320,32,1,1,48,1.750000,0,,,,,"Tesla V100-PCIE-32GB (0)","1","7","cosmaSgemm_kernel(float const *, int, float const *, int, float*, int)",10293
1.961761,1.472000,,,,,,,,,,112,72.562176,"Pageable","Device","Tesla V100-PCIE-32GB (0)","1","7","[CUDA memcpy HtoD]",10314
1.962414,16.192000,2048,1,1,384,1,1,16,0.000000,0,,,,,"Tesla V100-PCIE-32GB (0)","1","7","void scal_kernel_val<double, double>(cublasScalParamsVal<double, double>)",10428
1.962855,1.472000,,,,,,,,,,112,72.562176,"Pageable","Device","Tesla V100-PCIE-32GB (0)","1","7","[CUDA memcpy HtoD]",10475
1.963521,3.519000,2,1,1,256,1,1,16,0.000000,0,,,,,"Tesla V100-PCIE-32GB (0)","1","7","void scal_kernel_val<float, float>(cublasScalParamsVal<float, float>)",10589
1.963792,478.491000,1,1,320,32,1,1,48,1.750000,0,,,,,"Tesla V100-PCIE-32GB (0)","1","7","cosmaSgemm_kernel(float const *, int, float const *, int, float*, int)",10619
1.964890,1.440000,,,,,,,,,,112,74.174668,"Pageable","Device","Tesla V100-PCIE-32GB (0)","1","7","[CUDA memcpy HtoD]",10640
1.965550,16.256000,2048,1,1,384,1,1,16,0.000000,0,,,,,"Tesla V100-PCIE-32GB (0)","1","7","void scal_kernel_val<double, double>(cublasScalParamsVal<double, double>)",10754
1.965997,1.568000,,,,,,,,,,112,68.119594,"Pageable","Device","Tesla V100-PCIE-32GB (0)","1","7","[CUDA memcpy HtoD]",10801
1.966657,3.584000,2,1,1,256,1,1,16,0.000000,0,,,,,"Tesla V100-PCIE-32GB (0)","1","7","void scal_kernel_val<float, float>(cublasScalParamsVal<float, float>)",10915
1.966931,478.332000,1,1,320,32,1,1,48,1.750000,0,,,,,"Tesla V100-PCIE-32GB (0)","1","7","cosmaSgemm_kernel(float const *, int, float const *, int, float*, int)",10945
1.968029,1.472000,,,,,,,,,,112,72.562176,"Pageable","Device","Tesla V100-PCIE-32GB (0)","1","7","[CUDA memcpy HtoD]",10966
1.968679,15.872000,2048,1,1,384,1,1,16,0.000000,0,,,,,"Tesla V100-PCIE-32GB (0)","1","7","void scal_kernel_val<double, double>(cublasScalParamsVal<double, double>)",11080
1.970233,1.504000,,,,,,,,,,112,71.018300,"Pageable","Device","Tesla V100-PCIE-32GB (0)","1","7","[CUDA memcpy HtoD]",11127
1.970887,3.904000,2,1,1,256,1,1,16,0.000000,0,,,,,"Tesla V100-PCIE-32GB (0)","1","7","void scal_kernel_val<float, float>(cublasScalParamsVal<float, float>)",11241
1.971161,483.100000,1,1,320,32,1,1,48,1.750000,0,,,,,"Tesla V100-PCIE-32GB (0)","1","7","cosmaSgemm_kernel(float const *, int, float const *, int, float*, int)",11271
1.972242,1.472000,,,,,,,,,,112,72.562176,"Pageable","Device","Tesla V100-PCIE-32GB (0)","1","7","[CUDA memcpy HtoD]",11292
1.972889,15.808000,2048,1,1,384,1,1,16,0.000000,0,,,,,"Tesla V100-PCIE-32GB (0)","1","7","void scal_kernel_val<double, double>(cublasScalParamsVal<double, double>)",11406
1.973335,1.504000,,,,,,,,,,112,71.018300,"Pageable","Device","Tesla V100-PCIE-32GB (0)","1","7","[CUDA memcpy HtoD]",11453
1.974006,3.712000,2,1,1,256,1,1,16,0.000000,0,,,,,"Tesla V100-PCIE-32GB (0)","1","7","void scal_kernel_val<float, float>(cublasScalParamsVal<float, float>)",11567
1.974277,479.707000,1,1,320,32,1,1,48,1.750000,0,,,,,"Tesla V100-PCIE-32GB (0)","1","7","cosmaSgemm_kernel(float const *, int, float const *, int, float*, int)",11597
1.975376,1.472000,,,,,,,,,,112,72.562176,"Pageable","Device","Tesla V100-PCIE-32GB (0)","1","7","[CUDA memcpy HtoD]",11618
1.976037,16.352000,2048,1,1,384,1,1,16,0.000000,0,,,,,"Tesla V100-PCIE-32GB (0)","1","7","void scal_kernel_val<double, double>(cublasScalParamsVal<double, double>)",11732
1.976496,1.728000,,,,,,,,,,112,61.812223,"Pageable","Device","Tesla V100-PCIE-32GB (0)","1","7","[CUDA memcpy HtoD]",11779
1.977162,3.552000,2,1,1,256,1,1,16,0.000000,0,,,,,"Tesla V100-PCIE-32GB (0)","1","7","void scal_kernel_val<float, float>(cublasScalParamsVal<float, float>)",11893
1.977428,479.323000,1,1,320,32,1,1,48,1.750000,0,,,,,"Tesla V100-PCIE-32GB (0)","1","7","cosmaSgemm_kernel(float const *, int, float const *, int, float*, int)",11923
1.978511,1.472000,,,,,,,,,,112,72.562176,"Pageable","Device","Tesla V100-PCIE-32GB (0)","1","7","[CUDA memcpy HtoD]",11944
1.979165,16.416000,2048,1,1,384,1,1,16,0.000000,0,,,,,"Tesla V100-PCIE-32GB (0)","1","7","void scal_kernel_val<double, double>(cublasScalParamsVal<double, double>)",12058
1.979614,1.472000,,,,,,,,,,112,72.562176,"Pageable","Device","Tesla V100-PCIE-32GB (0)","1","7","[CUDA memcpy HtoD]",12105
1.980289,3.840000,2,1,1,256,1,1,16,0.000000,0,,,,,"Tesla V100-PCIE-32GB (0)","1","7","void scal_kernel_val<float, float>(cublasScalParamsVal<float, float>)",12219
1.980566,478.876000,1,1,320,32,1,1,48,1.750000,0,,,,,"Tesla V100-PCIE-32GB (0)","1","7","cosmaSgemm_kernel(float const *, int, float const *, int, float*, int)",12249
1.981644,1.472000,,,,,,,,,,112,72.562176,"Pageable","Device","Tesla V100-PCIE-32GB (0)","1","7","[CUDA memcpy HtoD]",12270
1.982300,15.520000,2048,1,1,384,1,1,16,0.000000,0,,,,,"Tesla V100-PCIE-32GB (0)","1","7","void scal_kernel_val<double, double>(cublasScalParamsVal<double, double>)",12384
1.982741,1.472000,,,,,,,,,,112,72.562176,"Pageable","Device","Tesla V100-PCIE-32GB (0)","1","7","[CUDA memcpy HtoD]",12431
1.983408,3.584000,2,1,1,256,1,1,16,0.000000,0,,,,,"Tesla V100-PCIE-32GB (0)","1","7","void scal_kernel_val<float, float>(cublasScalParamsVal<float, float>)",12545
1.983680,479.611000,1,1,320,32,1,1,48,1.750000,0,,,,,"Tesla V100-PCIE-32GB (0)","1","7","cosmaSgemm_kernel(float const *, int, float const *, int, float*, int)",12575
1.984780,1.600000,,,,,,,,,,112,66.757202,"Pageable","Device","Tesla V100-PCIE-32GB (0)","1","7","[CUDA memcpy HtoD]",12596
1.985440,15.968000,2048,1,1,384,1,1,16,0.000000,0,,,,,"Tesla V100-PCIE-32GB (0)","1","7","void scal_kernel_val<double, double>(cublasScalParamsVal<double, double>)",12710
1.985879,1.568000,,,,,,,,,,112,68.119594,"Pageable","Device","Tesla V100-PCIE-32GB (0)","1","7","[CUDA memcpy HtoD]",12757
1.986546,3.552000,2,1,1,256,1,1,16,0.000000,0,,,,,"Tesla V100-PCIE-32GB (0)","1","7","void scal_kernel_val<float, float>(cublasScalParamsVal<float, float>)",12871
1.986817,482.012000,1,1,320,32,1,1,48,1.750000,0,,,,,"Tesla V100-PCIE-32GB (0)","1","7","cosmaSgemm_kernel(float const *, int, float const *, int, float*, int)",12901
1.987916,1.472000,,,,,,,,,,112,72.562176,"Pageable","Device","Tesla V100-PCIE-32GB (0)","1","7","[CUDA memcpy HtoD]",12922
1.988575,16.064000,2048,1,1,384,1,1,16,0.000000,0,,,,,"Tesla V100-PCIE-32GB (0)","1","7","void scal_kernel_val<double, double>(cublasScalParamsVal<double, double>)",13036
1.989035,1.504000,,,,,,,,,,112,71.018300,"Pageable","Device","Tesla V100-PCIE-32GB (0)","1","7","[CUDA memcpy HtoD]",13083
1.990385,4.192000,2,1,1,256,1,1,16,0.000000,0,,,,,"Tesla V100-PCIE-32GB (0)","1","7","void scal_kernel_val<float, float>(cublasScalParamsVal<float, float>)",13197
1.990652,482.203000,1,1,320,32,1,1,48,1.750000,0,,,,,"Tesla V100-PCIE-32GB (0)","1","7","cosmaSgemm_kernel(float const *, int, float const *, int, float*, int)",13227
1.991729,1.472000,,,,,,,,,,112,72.562176,"Pageable","Device","Tesla V100-PCIE-32GB (0)","1","7","[CUDA memcpy HtoD]",13248
1.992385,15.776000,2048,1,1,384,1,1,16,0.000000,0,,,,,"Tesla V100-PCIE-32GB (0)","1","7","void scal_kernel_val<double, double>(cublasScalParamsVal<double, double>)",13362
1.992827,1.472000,,,,,,,,,,112,72.562176,"Pageable","Device","Tesla V100-PCIE-32GB (0)","1","7","[CUDA memcpy HtoD]",13409
1.993494,3.744000,2,1,1,256,1,1,16,0.000000,0,,,,,"Tesla V100-PCIE-32GB (0)","1","7","void scal_kernel_val<float, float>(cublasScalParamsVal<float, float>)",13523
1.993765,477.148000,1,1,320,32,1,1,48,1.750000,0,,,,,"Tesla V100-PCIE-32GB (0)","1","7","cosmaSgemm_kernel(float const *, int, float const *, int, float*, int)",13553
1.994838,1.472000,,,,,,,,,,112,72.562176,"Pageable","Device","Tesla V100-PCIE-32GB (0)","1","7","[CUDA memcpy HtoD]",13574
1.995495,15.968000,2048,1,1,384,1,1,16,0.000000,0,,,,,"Tesla V100-PCIE-32GB (0)","1","7","void scal_kernel_val<double, double>(cublasScalParamsVal<double, double>)",13688
1.995945,1.472000,,,,,,,,,,112,72.562176,"Pageable","Device","Tesla V100-PCIE-32GB (0)","1","7","[CUDA memcpy HtoD]",13735
1.996619,3.584000,2,1,1,256,1,1,16,0.000000,0,,,,,"Tesla V100-PCIE-32GB (0)","1","7","void scal_kernel_val<float, float>(cublasScalParamsVal<float, float>)",13849
1.996889,477.307000,1,1,320,32,1,1,48,1.750000,0,,,,,"Tesla V100-PCIE-32GB (0)","1","7","cosmaSgemm_kernel(float const *, int, float const *, int, float*, int)",13879
1.997962,1.472000,,,,,,,,,,112,72.562176,"Pageable","Device","Tesla V100-PCIE-32GB (0)","1","7","[CUDA memcpy HtoD]",13900
1.998588,16.096000,2048,1,1,384,1,1,16,0.000000,0,,,,,"Tesla V100-PCIE-32GB (0)","1","7","void scal_kernel_val<double, double>(cublasScalParamsVal<double, double>)",14014
1.999022,1.472000,,,,,,,,,,112,72.562176,"Pageable","Device","Tesla V100-PCIE-32GB (0)","1","7","[CUDA memcpy HtoD]",14061
1.999705,3.712000,2,1,1,256,1,1,16,0.000000,0,,,,,"Tesla V100-PCIE-32GB (0)","1","7","void scal_kernel_val<float, float>(cublasScalParamsVal<float, float>)",14175
1.999976,479.515000,1,1,320,32,1,1,48,1.750000,0,,,,,"Tesla V100-PCIE-32GB (0)","1","7","cosmaSgemm_kernel(float const *, int, float const *, int, float*, int)",14205
2.001079,1.472000,,,,,,,,,,112,72.562176,"Pageable","Device","Tesla V100-PCIE-32GB (0)","1","7","[CUDA memcpy HtoD]",14226
2.001726,15.712000,2048,1,1,384,1,1,16,0.000000,0,,,,,"Tesla V100-PCIE-32GB (0)","1","7","void scal_kernel_val<double, double>(cublasScalParamsVal<double, double>)",14340
2.002171,1.504000,,,,,,,,,,112,71.018300,"Pageable","Device","Tesla V100-PCIE-32GB (0)","1","7","[CUDA memcpy HtoD]",14387
2.002833,3.680000,2,1,1,256,1,1,16,0.000000,0,,,,,"Tesla V100-PCIE-32GB (0)","1","7","void scal_kernel_val<float, float>(cublasScalParamsVal<float, float>)",14501
2.003105,476.347000,1,1,320,32,1,1,48,1.750000,0,,,,,"Tesla V100-PCIE-32GB (0)","1","7","cosmaSgemm_kernel(float const *, int, float const *, int, float*, int)",14531
2.004205,1.471000,,,,,,,,,,112,72.611505,"Pageable","Device","Tesla V100-PCIE-32GB (0)","1","7","[CUDA memcpy HtoD]",14552
2.004857,16.192000,2048,1,1,384,1,1,16,0.000000,0,,,,,"Tesla V100-PCIE-32GB (0)","1","7","void scal_kernel_val<double, double>(cublasScalParamsVal<double, double>)",14666
2.005339,1.472000,,,,,,,,,,112,72.562176,"Pageable","Device","Tesla V100-PCIE-32GB (0)","1","7","[CUDA memcpy HtoD]",14713
2.006007,3.808000,2,1,1,256,1,1,16,0.000000,0,,,,,"Tesla V100-PCIE-32GB (0)","1","7","void scal_kernel_val<float, float>(cublasScalParamsVal<float, float>)",14827
2.006276,482.523000,1,1,320,32,1,1,48,1.750000,0,,,,,"Tesla V100-PCIE-32GB (0)","1","7","cosmaSgemm_kernel(float const *, int, float const *, int, float*, int)",14857
2.007378,1.472000,,,,,,,,,,112,72.562176,"Pageable","Device","Tesla V100-PCIE-32GB (0)","1","7","[CUDA memcpy HtoD]",14878
2.008039,16.384000,2048,1,1,384,1,1,16,0.000000,0,,,,,"Tesla V100-PCIE-32GB (0)","1","7","void scal_kernel_val<double, double>(cublasScalParamsVal<double, double>)",14992
2.008486,1.472000,,,,,,,,,,112,72.562176,"Pageable","Device","Tesla V100-PCIE-32GB (0)","1","7","[CUDA memcpy HtoD]",15039
2.009152,3.488000,2,1,1,256,1,1,16,0.000000,0,,,,,"Tesla V100-PCIE-32GB (0)","1","7","void scal_kernel_val<float, float>(cublasScalParamsVal<float, float>)",15153
2.009423,478.332000,1,1,320,32,1,1,48,1.750000,0,,,,,"Tesla V100-PCIE-32GB (0)","1","7","cosmaSgemm_kernel(float const *, int, float const *, int, float*, int)",15183
2.010511,1.472000,,,,,,,,,,112,72.562176,"Pageable","Device","Tesla V100-PCIE-32GB (0)","1","7","[CUDA memcpy HtoD]",15204
2.011140,16.032000,2048,1,1,384,1,1,16,0.000000,0,,,,,"Tesla V100-PCIE-32GB (0)","1","7","void scal_kernel_val<double, double>(cublasScalParamsVal<double, double>)",15318
2.011584,1.472000,,,,,,,,,,112,72.562176,"Pageable","Device","Tesla V100-PCIE-32GB (0)","1","7","[CUDA memcpy HtoD]",15365
2.012255,3.584000,2,1,1,256,1,1,16,0.000000,0,,,,,"Tesla V100-PCIE-32GB (0)","1","7","void scal_kernel_val<float, float>(cublasScalParamsVal<float, float>)",15479
2.012522,481.339000,1,1,320,32,1,1,48,1.750000,0,,,,,"Tesla V100-PCIE-32GB (0)","1","7","cosmaSgemm_kernel(float const *, int, float const *, int, float*, int)",15509
2.013609,1.472000,,,,,,,,,,112,72.562176,"Pageable","Device","Tesla V100-PCIE-32GB (0)","1","7","[CUDA memcpy HtoD]",15530
2.014239,16.351000,2048,1,1,384,1,1,16,0.000000,0,,,,,"Tesla V100-PCIE-32GB (0)","1","7","void scal_kernel_val<double, double>(cublasScalParamsVal<double, double>)",15644
2.014680,1.504000,,,,,,,,,,112,71.018300,"Pageable","Device","Tesla V100-PCIE-32GB (0)","1","7","[CUDA memcpy HtoD]",15691
2.015348,3.712000,2,1,1,256,1,1,16,0.000000,0,,,,,"Tesla V100-PCIE-32GB (0)","1","7","void scal_kernel_val<float, float>(cublasScalParamsVal<float, float>)",15805
2.015620,474.940000,1,1,320,32,1,1,48,1.750000,0,,,,,"Tesla V100-PCIE-32GB (0)","1","7","cosmaSgemm_kernel(float const *, int, float const *, int, float*, int)",15835
2.016722,1.472000,,,,,,,,,,112,72.562176,"Pageable","Device","Tesla V100-PCIE-32GB (0)","1","7","[CUDA memcpy HtoD]",15856
2.017354,16.512000,2048,1,1,384,1,1,16,0.000000,0,,,,,"Tesla V100-PCIE-32GB (0)","1","7","void scal_kernel_val<double, double>(cublasScalParamsVal<double, double>)",15970
2.017797,1.504000,,,,,,,,,,112,71.018300,"Pageable","Device","Tesla V100-PCIE-32GB (0)","1","7","[CUDA memcpy HtoD]",16017
2.018467,3.616000,2,1,1,256,1,1,16,0.000000,0,,,,,"Tesla V100-PCIE-32GB (0)","1","7","void scal_kernel_val<float, float>(cublasScalParamsVal<float, float>)",16131
2.018734,481.147000,1,1,320,32,1,1,48,1.750000,0,,,,,"Tesla V100-PCIE-32GB (0)","1","7","cosmaSgemm_kernel(float const *, int, float const *, int, float*, int)",16161
2.019832,1.472000,,,,,,,,,,112,72.562176,"Pageable","Device","Tesla V100-PCIE-32GB (0)","1","7","[CUDA memcpy HtoD]",16182
2.020465,16.031000,2048,1,1,384,1,1,16,0.000000,0,,,,,"Tesla V100-PCIE-32GB (0)","1","7","void scal_kernel_val<double, double>(cublasScalParamsVal<double, double>)",16296
2.020911,1.472000,,,,,,,,,,112,72.562176,"Pageable","Device","Tesla V100-PCIE-32GB (0)","1","7","[CUDA memcpy HtoD]",16343
2.021586,3.616000,2,1,1,256,1,1,16,0.000000,0,,,,,"Tesla V100-PCIE-32GB (0)","1","7","void scal_kernel_val<float, float>(cublasScalParamsVal<float, float>)",16457
2.021854,478.908000,1,1,320,32,1,1,48,1.750000,0,,,,,"Tesla V100-PCIE-32GB (0)","1","7","cosmaSgemm_kernel(float const *, int, float const *, int, float*, int)",16487
2.022929,1.472000,,,,,,,,,,112,72.562176,"Pageable","Device","Tesla V100-PCIE-32GB (0)","1","7","[CUDA memcpy HtoD]",16508
2.023581,15.488000,2048,1,1,384,1,1,16,0.000000,0,,,,,"Tesla V100-PCIE-32GB (0)","1","7","void scal_kernel_val<double, double>(cublasScalParamsVal<double, double>)",16622
2.024038,1.472000,,,,,,,,,,112,72.562176,"Pageable","Device","Tesla V100-PCIE-32GB (0)","1","7","[CUDA memcpy HtoD]",16669
2.024706,3.872000,2,1,1,256,1,1,16,0.000000,0,,,,,"Tesla V100-PCIE-32GB (0)","1","7","void scal_kernel_val<float, float>(cublasScalParamsVal<float, float>)",16783
2.024980,479.899000,1,1,320,32,1,1,48,1.750000,0,,,,,"Tesla V100-PCIE-32GB (0)","1","7","cosmaSgemm_kernel(float const *, int, float const *, int, float*, int)",16813
2.026073,1.472000,,,,,,,,,,112,72.562176,"Pageable","Device","Tesla V100-PCIE-32GB (0)","1","7","[CUDA memcpy HtoD]",16834
2.026719,15.968000,2048,1,1,384,1,1,16,0.000000,0,,,,,"Tesla V100-PCIE-32GB (0)","1","7","void scal_kernel_val<double, double>(cublasScalParamsVal<double, double>)",16948
2.027194,1.472000,,,,,,,,,,112,72.562176,"Pageable","Device","Tesla V100-PCIE-32GB (0)","1","7","[CUDA memcpy HtoD]",16995
2.027876,3.455000,2,1,1,256,1,1,16,0.000000,0,,,,,"Tesla V100-PCIE-32GB (0)","1","7","void scal_kernel_val<float, float>(cublasScalParamsVal<float, float>)",17109
2.028172,477.083000,1,1,320,32,1,1,48,1.750000,0,,,,,"Tesla V100-PCIE-32GB (0)","1","7","cosmaSgemm_kernel(float const *, int, float const *, int, float*, int)",17139
2.029260,1.440000,,,,,,,,,,112,74.174668,"Pageable","Device","Tesla V100-PCIE-32GB (0)","1","7","[CUDA memcpy HtoD]",17160
2.029907,16.256000,2048,1,1,384,1,1,16,0.000000,0,,,,,"Tesla V100-PCIE-32GB (0)","1","7","void scal_kernel_val<double, double>(cublasScalParamsVal<double, double>)",17274
2.030354,1.472000,,,,,,,,,,112,72.562176,"Pageable","Device","Tesla V100-PCIE-32GB (0)","1","7","[CUDA memcpy HtoD]",17321
2.031023,3.648000,2,1,1,256,1,1,16,0.000000,0,,,,,"Tesla V100-PCIE-32GB (0)","1","7","void scal_kernel_val<float, float>(cublasScalParamsVal<float, float>)",17435
2.031291,480.284000,1,1,320,32,1,1,48,1.750000,0,,,,,"Tesla V100-PCIE-32GB (0)","1","7","cosmaSgemm_kernel(float const *, int, float const *, int, float*, int)",17465
2.032372,1.472000,,,,,,,,,,112,72.562176,"Pageable","Device","Tesla V100-PCIE-32GB (0)","1","7","[CUDA memcpy HtoD]",17486
2.033027,15.872000,2048,1,1,384,1,1,16,0.000000,0,,,,,"Tesla V100-PCIE-32GB (0)","1","7","void scal_kernel_val<double, double>(cublasScalParamsVal<double, double>)",17600
2.033473,1.472000,,,,,,,,,,112,72.562176,"Pageable","Device","Tesla V100-PCIE-32GB (0)","1","7","[CUDA memcpy HtoD]",17647
2.034139,3.904000,2,1,1,256,1,1,16,0.000000,0,,,,,"Tesla V100-PCIE-32GB (0)","1","7","void scal_kernel_val<float, float>(cublasScalParamsVal<float, float>)",17761
2.034407,482.331000,1,1,320,32,1,1,48,1.750000,0,,,,,"Tesla V100-PCIE-32GB (0)","1","7","cosmaSgemm_kernel(float const *, int, float const *, int, float*, int)",17791
2.035497,1.504000,,,,,,,,,,112,71.018300,"Pageable","Device","Tesla V100-PCIE-32GB (0)","1","7","[CUDA memcpy HtoD]",17812
2.036154,15.712000,2048,1,1,384,1,1,16,0.000000,0,,,,,"Tesla V100-PCIE-32GB (0)","1","7","void scal_kernel_val<double, double>(cublasScalParamsVal<double, double>)",17926
2.036603,1.760000,,,,,,,,,,112,60.688365,"Pageable","Device","Tesla V100-PCIE-32GB (0)","1","7","[CUDA memcpy HtoD]",17973
2.037273,3.680000,2,1,1,256,1,1,16,0.000000,0,,,,,"Tesla V100-PCIE-32GB (0)","1","7","void scal_kernel_val<float, float>(cublasScalParamsVal<float, float>)",18087
2.037541,478.396000,1,1,320,32,1,1,48,1.750000,0,,,,,"Tesla V100-PCIE-32GB (0)","1","7","cosmaSgemm_kernel(float const *, int, float const *, int, float*, int)",18117
2.038616,1.664000,,,,,,,,,,112,64.189617,"Pageable","Device","Tesla V100-PCIE-32GB (0)","1","7","[CUDA memcpy HtoD]",18138
2.039269,16.096000,2048,1,1,384,1,1,16,0.000000,0,,,,,"Tesla V100-PCIE-32GB (0)","1","7","void scal_kernel_val<double, double>(cublasScalParamsVal<double, double>)",18252
2.039726,1.472000,,,,,,,,,,112,72.562176,"Pageable","Device","Tesla V100-PCIE-32GB (0)","1","7","[CUDA memcpy HtoD]",18299
2.040402,3.616000,2,1,1,256,1,1,16,0.000000,0,,,,,"Tesla V100-PCIE-32GB (0)","1","7","void scal_kernel_val<float, float>(cublasScalParamsVal<float, float>)",18413
2.040673,476.028000,1,1,320,32,1,1,48,1.750000,0,,,,,"Tesla V100-PCIE-32GB (0)","1","7","cosmaSgemm_kernel(float const *, int, float const *, int, float*, int)",18443
2.041748,1.472000,,,,,,,,,,112,72.562176,"Pageable","Device","Tesla V100-PCIE-32GB (0)","1","7","[CUDA memcpy HtoD]",18464
2.042403,15.840000,2048,1,1,384,1,1,16,0.000000,0,,,,,"Tesla V100-PCIE-32GB (0)","1","7","void scal_kernel_val<double, double>(cublasScalParamsVal<double, double>)",18578
2.042844,1.472000,,,,,,,,,,112,72.562176,"Pageable","Device","Tesla V100-PCIE-32GB (0)","1","7","[CUDA memcpy HtoD]",18625
2.043512,3.583000,2,1,1,256,1,1,16,0.000000,0,,,,,"Tesla V100-PCIE-32GB (0)","1","7","void scal_kernel_val<float, float>(cublasScalParamsVal<float, float>)",18739
2.043781,480.443000,1,1,320,32,1,1,48,1.750000,0,,,,,"Tesla V100-PCIE-32GB (0)","1","7","cosmaSgemm_kernel(float const *, int, float const *, int, float*, int)",18769
2.044880,1.440000,,,,,,,,,,112,74.174668,"Pageable","Device","Tesla V100-PCIE-32GB (0)","1","7","[CUDA memcpy HtoD]",18790
2.045534,15.776000,2048,1,1,384,1,1,16,0.000000,0,,,,,"Tesla V100-PCIE-32GB (0)","1","7","void scal_kernel_val<double, double>(cublasScalParamsVal<double, double>)",18904
2.045982,1.472000,,,,,,,,,,112,72.562176,"Pageable","Device","Tesla V100-PCIE-32GB (0)","1","7","[CUDA memcpy HtoD]",18951
2.046648,3.584000,2,1,1,256,1,1,16,0.000000,0,,,,,"Tesla V100-PCIE-32GB (0)","1","7","void scal_kernel_val<float, float>(cublasScalParamsVal<float, float>)",19065
2.046915,474.748000,1,1,320,32,1,1,48,1.750000,0,,,,,"Tesla V100-PCIE-32GB (0)","1","7","cosmaSgemm_kernel(float const *, int, float const *, int, float*, int)",19095
2.048014,1.472000,,,,,,,,,,112,72.562176,"Pageable","Device","Tesla V100-PCIE-32GB (0)","1","7","[CUDA memcpy HtoD]",19116
2.048665,15.776000,2048,1,1,384,1,1,16,0.000000,0,,,,,"Tesla V100-PCIE-32GB (0)","1","7","void scal_kernel_val<double, double>(cublasScalParamsVal<double, double>)",19230
2.049118,1.472000,,,,,,,,,,112,72.562176,"Pageable","Device","Tesla V100-PCIE-32GB (0)","1","7","[CUDA memcpy HtoD]",19277
2.049779,3.776000,2,1,1,256,1,1,16,0.000000,0,,,,,"Tesla V100-PCIE-32GB (0)","1","7","void scal_kernel_val<float, float>(cublasScalParamsVal<float, float>)",19391
2.050055,481.755000,1,1,320,32,1,1,48,1.750000,0,,,,,"Tesla V100-PCIE-32GB (0)","1","7","cosmaSgemm_kernel(float const *, int, float const *, int, float*, int)",19421
2.051138,1.472000,,,,,,,,,,112,72.562176,"Pageable","Device","Tesla V100-PCIE-32GB (0)","1","7","[CUDA memcpy HtoD]",19442
2.051785,16.448000,2048,1,1,384,1,1,16,0.000000,0,,,,,"Tesla V100-PCIE-32GB (0)","1","7","void scal_kernel_val<double, double>(cublasScalParamsVal<double, double>)",19556
2.052234,1.472000,,,,,,,,,,112,72.562176,"Pageable","Device","Tesla V100-PCIE-32GB (0)","1","7","[CUDA memcpy HtoD]",19603
2.052897,3.584000,2,1,1,256,1,1,16,0.000000,0,,,,,"Tesla V100-PCIE-32GB (0)","1","7","void scal_kernel_val<float, float>(cublasScalParamsVal<float, float>)",19717
2.053170,477.564000,1,1,320,32,1,1,48,1.750000,0,,,,,"Tesla V100-PCIE-32GB (0)","1","7","cosmaSgemm_kernel(float const *, int, float const *, int, float*, int)",19747
2.054246,1.472000,,,,,,,,,,112,72.562176,"Pageable","Device","Tesla V100-PCIE-32GB (0)","1","7","[CUDA memcpy HtoD]",19768
2.054894,15.936000,2048,1,1,384,1,1,16,0.000000,0,,,,,"Tesla V100-PCIE-32GB (0)","1","7","void scal_kernel_val<double, double>(cublasScalParamsVal<double, double>)",19882
2.055346,1.504000,,,,,,,,,,112,71.018300,"Pageable","Device","Tesla V100-PCIE-32GB (0)","1","7","[CUDA memcpy HtoD]",19929
2.056019,3.584000,2,1,1,256,1,1,16,0.000000,0,,,,,"Tesla V100-PCIE-32GB (0)","1","7","void scal_kernel_val<float, float>(cublasScalParamsVal<float, float>)",20043
2.056290,481.371000,1,1,320,32,1,1,48,1.750000,0,,,,,"Tesla V100-PCIE-32GB (0)","1","7","cosmaSgemm_kernel(float const *, int, float const *, int, float*, int)",20073
2.057397,1.472000,,,,,,,,,,112,72.562176,"Pageable","Device","Tesla V100-PCIE-32GB (0)","1","7","[CUDA memcpy HtoD]",20094
2.058052,15.936000,2048,1,1,384,1,1,16,0.000000,0,,,,,"Tesla V100-PCIE-32GB (0)","1","7","void scal_kernel_val<double, double>(cublasScalParamsVal<double, double>)",20208
2.058494,1.472000,,,,,,,,,,112,72.562176,"Pageable","Device","Tesla V100-PCIE-32GB (0)","1","7","[CUDA memcpy HtoD]",20255
2.059160,3.616000,2,1,1,256,1,1,16,0.000000,0,,,,,"Tesla V100-PCIE-32GB (0)","1","7","void scal_kernel_val<float, float>(cublasScalParamsVal<float, float>)",20369
2.059428,476.667000,1,1,320,32,1,1,48,1.750000,0,,,,,"Tesla V100-PCIE-32GB (0)","1","7","cosmaSgemm_kernel(float const *, int, float const *, int, float*, int)",20399
2.060505,1.440000,,,,,,,,,,112,74.174668,"Pageable","Device","Tesla V100-PCIE-32GB (0)","1","7","[CUDA memcpy HtoD]",20420
2.061161,16.927000,2048,1,1,384,1,1,16,0.000000,0,,,,,"Tesla V100-PCIE-32GB (0)","1","7","void scal_kernel_val<double, double>(cublasScalParamsVal<double, double>)",20534
2.061608,1.472000,,,,,,,,,,112,72.562176,"Pageable","Device","Tesla V100-PCIE-32GB (0)","1","7","[CUDA memcpy HtoD]",20581
2.062275,3.584000,2,1,1,256,1,1,16,0.000000,0,,,,,"Tesla V100-PCIE-32GB (0)","1","7","void scal_kernel_val<float, float>(cublasScalParamsVal<float, float>)",20695
2.062541,481.148000,1,1,320,32,1,1,48,1.750000,0,,,,,"Tesla V100-PCIE-32GB (0)","1","7","cosmaSgemm_kernel(float const *, int, float const *, int, float*, int)",20725
2.063639,1.472000,,,,,,,,,,112,72.562176,"Pageable","Device","Tesla V100-PCIE-32GB (0)","1","7","[CUDA memcpy HtoD]",20746
2.064308,16.000000,2048,1,1,384,1,1,16,0.000000,0,,,,,"Tesla V100-PCIE-32GB (0)","1","7","void scal_kernel_val<double, double>(cublasScalParamsVal<double, double>)",20860
2.064768,1.472000,,,,,,,,,,112,72.562176,"Pageable","Device","Tesla V100-PCIE-32GB (0)","1","7","[CUDA memcpy HtoD]",20907
2.065437,3.648000,2,1,1,256,1,1,16,0.000000,0,,,,,"Tesla V100-PCIE-32GB (0)","1","7","void scal_kernel_val<float, float>(cublasScalParamsVal<float, float>)",21021
2.065709,481.020000,1,1,320,32,1,1,48,1.750000,0,,,,,"Tesla V100-PCIE-32GB (0)","1","7","cosmaSgemm_kernel(float const *, int, float const *, int, float*, int)",21051
2.066785,1.472000,,,,,,,,,,112,72.562176,"Pageable","Device","Tesla V100-PCIE-32GB (0)","1","7","[CUDA memcpy HtoD]",21072
2.067434,16.224000,2048,1,1,384,1,1,16,0.000000,0,,,,,"Tesla V100-PCIE-32GB (0)","1","7","void scal_kernel_val<double, double>(cublasScalParamsVal<double, double>)",21186
2.067895,1.472000,,,,,,,,,,112,72.562176,"Pageable","Device","Tesla V100-PCIE-32GB (0)","1","7","[CUDA memcpy HtoD]",21233
2.068567,3.808000,2,1,1,256,1,1,16,0.000000,0,,,,,"Tesla V100-PCIE-32GB (0)","1","7","void scal_kernel_val<float, float>(cublasScalParamsVal<float, float>)",21347
2.068837,478.011000,1,1,320,32,1,1,48,1.750000,0,,,,,"Tesla V100-PCIE-32GB (0)","1","7","cosmaSgemm_kernel(float const *, int, float const *, int, float*, int)",21377
2.069910,1.472000,,,,,,,,,,112,72.562176,"Pageable","Device","Tesla V100-PCIE-32GB (0)","1","7","[CUDA memcpy HtoD]",21398
2.070565,15.967000,2048,1,1,384,1,1,16,0.000000,0,,,,,"Tesla V100-PCIE-32GB (0)","1","7","void scal_kernel_val<double, double>(cublasScalParamsVal<double, double>)",21512
2.071012,1.472000,,,,,,,,,,112,72.562176,"Pageable","Device","Tesla V100-PCIE-32GB (0)","1","7","[CUDA memcpy HtoD]",21559
2.071672,3.488000,2,1,1,256,1,1,16,0.000000,0,,,,,"Tesla V100-PCIE-32GB (0)","1","7","void scal_kernel_val<float, float>(cublasScalParamsVal<float, float>)",21673
2.071943,478.204000,1,1,320,32,1,1,48,1.750000,0,,,,,"Tesla V100-PCIE-32GB (0)","1","7","cosmaSgemm_kernel(float const *, int, float const *, int, float*, int)",21703
2.073021,1.472000,,,,,,,,,,112,72.562176,"Pageable","Device","Tesla V100-PCIE-32GB (0)","1","7","[CUDA memcpy HtoD]",21724
2.073668,16.096000,2048,1,1,384,1,1,16,0.000000,0,,,,,"Tesla V100-PCIE-32GB (0)","1","7","void scal_kernel_val<double, double>(cublasScalParamsVal<double, double>)",21838
2.074118,1.472000,,,,,,,,,,112,72.562176,"Pageable","Device","Tesla V100-PCIE-32GB (0)","1","7","[CUDA memcpy HtoD]",21885
2.074779,3.616000,2,1,1,256,1,1,16,0.000000,0,,,,,"Tesla V100-PCIE-32GB (0)","1","7","void scal_kernel_val<float, float>(cublasScalParamsVal<float, float>)",21999
2.075052,475.804000,1,1,320,32,1,1,48,1.750000,0,,,,,"Tesla V100-PCIE-32GB (0)","1","7","cosmaSgemm_kernel(float const *, int, float const *, int, float*, int)",22029
2.076156,1.472000,,,,,,,,,,112,72.562176,"Pageable","Device","Tesla V100-PCIE-32GB (0)","1","7","[CUDA memcpy HtoD]",22050
2.076806,17.184000,2048,1,1,384,1,1,16,0.000000,0,,,,,"Tesla V100-PCIE-32GB (0)","1","7","void scal_kernel_val<double, double>(cublasScalParamsVal<double, double>)",22164
2.077264,1.472000,,,,,,,,,,112,72.562176,"Pageable","Device","Tesla V100-PCIE-32GB (0)","1","7","[CUDA memcpy HtoD]",22211
2.077926,3.904000,2,1,1,256,1,1,16,0.000000,0,,,,,"Tesla V100-PCIE-32GB (0)","1","7","void scal_kernel_val<float, float>(cublasScalParamsVal<float, float>)",22325
2.078201,479.836000,1,1,320,32,1,1,48,1.750000,0,,,,,"Tesla V100-PCIE-32GB (0)","1","7","cosmaSgemm_kernel(float const *, int, float const *, int, float*, int)",22355
2.079279,1.472000,,,,,,,,,,112,72.562176,"Pageable","Device","Tesla V100-PCIE-32GB (0)","1","7","[CUDA memcpy HtoD]",22376
2.079929,15.872000,2048,1,1,384,1,1,16,0.000000,0,,,,,"Tesla V100-PCIE-32GB (0)","1","7","void scal_kernel_val<double, double>(cublasScalParamsVal<double, double>)",22490
2.080373,1.472000,,,,,,,,,,112,72.562176,"Pageable","Device","Tesla V100-PCIE-32GB (0)","1","7","[CUDA memcpy HtoD]",22537
2.081042,3.488000,2,1,1,256,1,1,16,0.000000,0,,,,,"Tesla V100-PCIE-32GB (0)","1","7","void scal_kernel_val<float, float>(cublasScalParamsVal<float, float>)",22651
2.081310,478.331000,1,1,320,32,1,1,48,1.750000,0,,,,,"Tesla V100-PCIE-32GB (0)","1","7","cosmaSgemm_kernel(float const *, int, float const *, int, float*, int)",22681
2.082531,1.472000,,,,,,,,,,112,72.562176,"Pageable","Device","Tesla V100-PCIE-32GB (0)","1","7","[CUDA memcpy HtoD]",22702
2.083223,16.288000,2048,1,1,384,1,1,16,0.000000,0,,,,,"Tesla V100-PCIE-32GB (0)","1","7","void scal_kernel_val<double, double>(cublasScalParamsVal<double, double>)",22816
2.083670,1.472000,,,,,,,,,,112,72.562176,"Pageable","Device","Tesla V100-PCIE-32GB (0)","1","7","[CUDA memcpy HtoD]",22863
2.084350,3.776000,2,1,1,256,1,1,16,0.000000,0,,,,,"Tesla V100-PCIE-32GB (0)","1","7","void scal_kernel_val<float, float>(cublasScalParamsVal<float, float>)",22977
2.084629,477.340000,1,1,320,32,1,1,48,1.750000,0,,,,,"Tesla V100-PCIE-32GB (0)","1","7","cosmaSgemm_kernel(float const *, int, float const *, int, float*, int)",23007
2.085730,1.472000,,,,,,,,,,112,72.562176,"Pageable","Device","Tesla V100-PCIE-32GB (0)","1","7","[CUDA memcpy HtoD]",23028
2.086911,16.032000,2048,1,1,384,1,1,16,0.000000,0,,,,,"Tesla V100-PCIE-32GB (0)","1","7","void scal_kernel_val<double, double>(cublasScalParamsVal<double, double>)",23142
2.087374,1.792000,,,,,,,,,,112,59.604645,"Pageable","Device","Tesla V100-PCIE-32GB (0)","1","7","[CUDA memcpy HtoD]",23189
2.088046,3.584000,2,1,1,256,1,1,16,0.000000,0,,,,,"Tesla V100-PCIE-32GB (0)","1","7","void scal_kernel_val<float, float>(cublasScalParamsVal<float, float>)",23303
2.088316,478.843000,1,1,320,32,1,1,48,1.750000,0,,,,,"Tesla V100-PCIE-32GB (0)","1","7","cosmaSgemm_kernel(float const *, int, float const *, int, float*, int)",23333
2.089405,1.472000,,,,,,,,,,112,72.562176,"Pageable","Device","Tesla V100-PCIE-32GB (0)","1","7","[CUDA memcpy HtoD]",23354
2.090057,15.648000,2048,1,1,384,1,1,16,0.000000,0,,,,,"Tesla V100-PCIE-32GB (0)","1","7","void scal_kernel_val<double, double>(cublasScalParamsVal<double, double>)",23468
2.090497,1.504000,,,,,,,,,,112,71.018300,"Pageable","Device","Tesla V100-PCIE-32GB (0)","1","7","[CUDA memcpy HtoD]",23515
2.091160,3.584000,2,1,1,256,1,1,16,0.000000,0,,,,,"Tesla V100-PCIE-32GB (0)","1","7","void scal_kernel_val<float, float>(cublasScalParamsVal<float, float>)",23629
2.091424,480.956000,1,1,320,32,1,1,48,1.750000,0,,,,,"Tesla V100-PCIE-32GB (0)","1","7","cosmaSgemm_kernel(float const *, int, float const *, int, float*, int)",23659
2.092507,1.472000,,,,,,,,,,112,72.562176,"Pageable","Device","Tesla V100-PCIE-32GB (0)","1","7","[CUDA memcpy HtoD]",23680
2.093160,16.064000,2048,1,1,384,1,1,16,0.000000,0,,,,,"Tesla V100-PCIE-32GB (0)","1","7","void scal_kernel_val<double, double>(cublasScalParamsVal<double, double>)",23794
2.093601,1.471000,,,,,,,,,,112,72.611505,"Pageable","Device","Tesla V100-PCIE-32GB (0)","1","7","[CUDA memcpy HtoD]",23841
2.094265,3.552000,2,1,1,256,1,1,16,0.000000,0,,,,,"Tesla V100-PCIE-32GB (0)","1","7","void scal_kernel_val<float, float>(cublasScalParamsVal<float, float>)",23955
2.094531,476.283000,1,1,320,32,1,1,48,1.750000,0,,,,,"Tesla V100-PCIE-32GB (0)","1","7","cosmaSgemm_kernel(float const *, int, float const *, int, float*, int)",23985
2.095608,1.471000,,,,,,,,,,112,72.611505,"Pageable","Device","Tesla V100-PCIE-32GB (0)","1","7","[CUDA memcpy HtoD]",24006
2.096239,16.415000,2048,1,1,384,1,1,16,0.000000,0,,,,,"Tesla V100-PCIE-32GB (0)","1","7","void scal_kernel_val<double, double>(cublasScalParamsVal<double, double>)",24120
2.096688,1.472000,,,,,,,,,,112,72.562176,"Pageable","Device","Tesla V100-PCIE-32GB (0)","1","7","[CUDA memcpy HtoD]",24167
2.097353,3.616000,2,1,1,256,1,1,16,0.000000,0,,,,,"Tesla V100-PCIE-32GB (0)","1","7","void scal_kernel_val<float, float>(cublasScalParamsVal<float, float>)",24281
2.097623,480.924000,1,1,320,32,1,1,48,1.750000,0,,,,,"Tesla V100-PCIE-32GB (0)","1","7","cosmaSgemm_kernel(float const *, int, float const *, int, float*, int)",24311
2.098698,1.472000,,,,,,,,,,112,72.562176,"Pageable","Device","Tesla V100-PCIE-32GB (0)","1","7","[CUDA memcpy HtoD]",24332
2.099336,15.328000,2048,1,1,384,1,1,16,0.000000,0,,,,,"Tesla V100-PCIE-32GB (0)","1","7","void scal_kernel_val<double, double>(cublasScalParamsVal<double, double>)",24446
2.099776,1.472000,,,,,,,,,,112,72.562176,"Pageable","Device","Tesla V100-PCIE-32GB (0)","1","7","[CUDA memcpy HtoD]",24493
2.100438,3.584000,2,1,1,256,1,1,16,0.000000,0,,,,,"Tesla V100-PCIE-32GB (0)","1","7","void scal_kernel_val<float, float>(cublasScalParamsVal<float, float>)",24607
2.100704,478.012000,1,1,320,32,1,1,48,1.750000,0,,,,,"Tesla V100-PCIE-32GB (0)","1","7","cosmaSgemm_kernel(float const *, int, float const *, int, float*, int)",24637
2.101775,1.472000,,,,,,,,,,112,72.562176,"Pageable","Device","Tesla V100-PCIE-32GB (0)","1","7","[CUDA memcpy HtoD]",24658
2.102427,16.000000,2048,1,1,384,1,1,16,0.000000,0,,,,,"Tesla V100-PCIE-32GB (0)","1","7","void scal_kernel_val<double, double>(cublasScalParamsVal<double, double>)",24772
2.102870,1.472000,,,,,,,,,,112,72.562176,"Pageable","Device","Tesla V100-PCIE-32GB (0)","1","7","[CUDA memcpy HtoD]",24819
2.103540,3.776000,2,1,1,256,1,1,16,0.000000,0,,,,,"Tesla V100-PCIE-32GB (0)","1","7","void scal_kernel_val<float, float>(cublasScalParamsVal<float, float>)",24933
2.103811,478.651000,1,1,320,32,1,1,48,1.750000,0,,,,,"Tesla V100-PCIE-32GB (0)","1","7","cosmaSgemm_kernel(float const *, int, float const *, int, float*, int)",24963
2.104920,1.472000,,,,,,,,,,112,72.562176,"Pageable","Device","Tesla V100-PCIE-32GB (0)","1","7","[CUDA memcpy HtoD]",24984
2.105578,15.808000,2048,1,1,384,1,1,16,0.000000,0,,,,,"Tesla V100-PCIE-32GB (0)","1","7","void scal_kernel_val<double, double>(cublasScalParamsVal<double, double>)",25098
2.106032,1.472000,,,,,,,,,,112,72.562176,"Pageable","Device","Tesla V100-PCIE-32GB (0)","1","7","[CUDA memcpy HtoD]",25145
2.106688,4.032000,2,1,1,256,1,1,16,0.000000,0,,,,,"Tesla V100-PCIE-32GB (0)","1","7","void scal_kernel_val<float, float>(cublasScalParamsVal<float, float>)",25259
2.106953,479.708000,1,1,320,32,1,1,48,1.750000,0,,,,,"Tesla V100-PCIE-32GB (0)","1","7","cosmaSgemm_kernel(float const *, int, float const *, int, float*, int)",25289
2.108056,1.472000,,,,,,,,,,112,72.562176,"Pageable","Device","Tesla V100-PCIE-32GB (0)","1","7","[CUDA memcpy HtoD]",25310
2.108702,16.319000,2048,1,1,384,1,1,16,0.000000,0,,,,,"Tesla V100-PCIE-32GB (0)","1","7","void scal_kernel_val<double, double>(cublasScalParamsVal<double, double>)",25424
2.109154,1.504000,,,,,,,,,,112,71.018300,"Pageable","Device","Tesla V100-PCIE-32GB (0)","1","7","[CUDA memcpy HtoD]",25471
2.109811,3.872000,2,1,1,256,1,1,16,0.000000,0,,,,,"Tesla V100-PCIE-32GB (0)","1","7","void scal_kernel_val<float, float>(cublasScalParamsVal<float, float>)",25585
2.110083,475.707000,1,1,320,32,1,1,48,1.750000,0,,,,,"Tesla V100-PCIE-32GB (0)","1","7","cosmaSgemm_kernel(float const *, int, float const *, int, float*, int)",25615
2.111166,1.472000,,,,,,,,,,112,72.562176,"Pageable","Device","Tesla V100-PCIE-32GB (0)","1","7","[CUDA memcpy HtoD]",25636
2.111787,16.032000,2048,1,1,384,1,1,16,0.000000,0,,,,,"Tesla V100-PCIE-32GB (0)","1","7","void scal_kernel_val<double, double>(cublasScalParamsVal<double, double>)",25750
2.112235,1.472000,,,,,,,,,,112,72.562176,"Pageable","Device","Tesla V100-PCIE-32GB (0)","1","7","[CUDA memcpy HtoD]",25797
2.112892,3.648000,2,1,1,256,1,1,16,0.000000,0,,,,,"Tesla V100-PCIE-32GB (0)","1","7","void scal_kernel_val<float, float>(cublasScalParamsVal<float, float>)",25911
2.113166,480.348000,1,1,320,32,1,1,48,1.750000,0,,,,,"Tesla V100-PCIE-32GB (0)","1","7","cosmaSgemm_kernel(float const *, int, float const *, int, float*, int)",25941
2.114246,1.504000,,,,,,,,,,112,71.018300,"Pageable","Device","Tesla V100-PCIE-32GB (0)","1","7","[CUDA memcpy HtoD]",25962
2.114889,16.032000,2048,1,1,384,1,1,16,0.000000,0,,,,,"Tesla V100-PCIE-32GB (0)","1","7","void scal_kernel_val<double, double>(cublasScalParamsVal<double, double>)",26076
2.115353,1.600000,,,,,,,,,,112,66.757202,"Pageable","Device","Tesla V100-PCIE-32GB (0)","1","7","[CUDA memcpy HtoD]",26123
2.116021,3.648000,2,1,1,256,1,1,16,0.000000,0,,,,,"Tesla V100-PCIE-32GB (0)","1","7","void scal_kernel_val<float, float>(cublasScalParamsVal<float, float>)",26237
2.116293,475.483000,1,1,320,32,1,1,48,1.750000,0,,,,,"Tesla V100-PCIE-32GB (0)","1","7","cosmaSgemm_kernel(float const *, int, float const *, int, float*, int)",26267
2.117402,1.472000,,,,,,,,,,112,72.562176,"Pageable","Device","Tesla V100-PCIE-32GB (0)","1","7","[CUDA memcpy HtoD]",26288
2.118027,16.352000,2048,1,1,384,1,1,16,0.000000,0,,,,,"Tesla V100-PCIE-32GB (0)","1","7","void scal_kernel_val<double, double>(cublasScalParamsVal<double, double>)",26402
2.118470,1.472000,,,,,,,,,,112,72.562176,"Pageable","Device","Tesla V100-PCIE-32GB (0)","1","7","[CUDA memcpy HtoD]",26449
2.119134,3.840000,2,1,1,256,1,1,16,0.000000,0,,,,,"Tesla V100-PCIE-32GB (0)","1","7","void scal_kernel_val<float, float>(cublasScalParamsVal<float, float>)",26563
2.119401,477.308000,1,1,320,32,1,1,48,1.750000,0,,,,,"Tesla V100-PCIE-32GB (0)","1","7","cosmaSgemm_kernel(float const *, int, float const *, int, float*, int)",26593
2.120477,1.568000,,,,,,,,,,112,68.119594,"Pageable","Device","Tesla V100-PCIE-32GB (0)","1","7","[CUDA memcpy HtoD]",26614
2.121123,16.704000,2048,1,1,384,1,1,16,0.000000,0,,,,,"Tesla V100-PCIE-32GB (0)","1","7","void scal_kernel_val<double, double>(cublasScalParamsVal<double, double>)",26728
2.121561,1.824000,,,,,,,,,,112,58.558949,"Pageable","Device","Tesla V100-PCIE-32GB (0)","1","7","[CUDA memcpy HtoD]",26775
2.122224,3.616000,2,1,1,256,1,1,16,0.000000,0,,,,,"Tesla V100-PCIE-32GB (0)","1","7","void scal_kernel_val<float, float>(cublasScalParamsVal<float, float>)",26889
2.122489,476.508000,1,1,320,32,1,1,48,1.750000,0,,,,,"Tesla V100-PCIE-32GB (0)","1","7","cosmaSgemm_kernel(float const *, int, float const *, int, float*, int)",26919
2.123592,1.472000,,,,,,,,,,112,72.562176,"Pageable","Device","Tesla V100-PCIE-32GB (0)","1","7","[CUDA memcpy HtoD]",26940
2.124254,16.672000,2048,1,1,384,1,1,16,0.000000,0,,,,,"Tesla V100-PCIE-32GB (0)","1","7","void scal_kernel_val<double, double>(cublasScalParamsVal<double, double>)",27054
2.124707,1.504000,,,,,,,,,,112,71.018300,"Pageable","Device","Tesla V100-PCIE-32GB (0)","1","7","[CUDA memcpy HtoD]",27101
2.125376,3.488000,2,1,1,256,1,1,16,0.000000,0,,,,,"Tesla V100-PCIE-32GB (0)","1","7","void scal_kernel_val<float, float>(cublasScalParamsVal<float, float>)",27215
2.125645,477.244000,1,1,320,32,1,1,48,1.750000,0,,,,,"Tesla V100-PCIE-32GB (0)","1","7","cosmaSgemm_kernel(float const *, int, float const *, int, float*, int)",27245
2.126717,1.664000,,,,,,,,,,112,64.189617,"Pageable","Device","Tesla V100-PCIE-32GB (0)","1","7","[CUDA memcpy HtoD]",27266
2.127374,16.160000,2048,1,1,384,1,1,16,0.000000,0,,,,,"Tesla V100-PCIE-32GB (0)","1","7","void scal_kernel_val<double, double>(cublasScalParamsVal<double, double>)",27380
2.127824,1.472000,,,,,,,,,,112,72.562176,"Pageable","Device","Tesla V100-PCIE-32GB (0)","1","7","[CUDA memcpy HtoD]",27427
2.128492,3.552000,2,1,1,256,1,1,16,0.000000,0,,,,,"Tesla V100-PCIE-32GB (0)","1","7","void scal_kernel_val<float, float>(cublasScalParamsVal<float, float>)",27541
2.128763,479.099000,1,1,320,32,1,1,48,1.750000,0,,,,,"Tesla V100-PCIE-32GB (0)","1","7","cosmaSgemm_kernel(float const *, int, float const *, int, float*, int)",27571
2.129840,1.472000,,,,,,,,,,112,72.562176,"Pageable","Device","Tesla V100-PCIE-32GB (0)","1","7","[CUDA memcpy HtoD]",27592
2.130491,16.096000,2048,1,1,384,1,1,16,0.000000,0,,,,,"Tesla V100-PCIE-32GB (0)","1","7","void scal_kernel_val<double, double>(cublasScalParamsVal<double, double>)",27706
2.130931,1.472000,,,,,,,,,,112,72.562176,"Pageable","Device","Tesla V100-PCIE-32GB (0)","1","7","[CUDA memcpy HtoD]",27753
2.131592,3.488000,2,1,1,256,1,1,16,0.000000,0,,,,,"Tesla V100-PCIE-32GB (0)","1","7","void scal_kernel_val<float, float>(cublasScalParamsVal<float, float>)",27867
2.131856,481.468000,1,1,320,32,1,1,48,1.750000,0,,,,,"Tesla V100-PCIE-32GB (0)","1","7","cosmaSgemm_kernel(float const *, int, float const *, int, float*, int)",27897
2.132933,1.472000,,,,,,,,,,112,72.562176,"Pageable","Device","Tesla V100-PCIE-32GB (0)","1","7","[CUDA memcpy HtoD]",27918
2.133583,16.288000,2048,1,1,384,1,1,16,0.000000,0,,,,,"Tesla V100-PCIE-32GB (0)","1","7","void scal_kernel_val<double, double>(cublasScalParamsVal<double, double>)",28032
2.134027,1.472000,,,,,,,,,,112,72.562176,"Pageable","Device","Tesla V100-PCIE-32GB (0)","1","7","[CUDA memcpy HtoD]",28079
2.134683,3.744000,2,1,1,256,1,1,16,0.000000,0,,,,,"Tesla V100-PCIE-32GB (0)","1","7","void scal_kernel_val<float, float>(cublasScalParamsVal<float, float>)",28193
2.134948,481.404000,1,1,320,32,1,1,48,1.750000,0,,,,,"Tesla V100-PCIE-32GB (0)","1","7","cosmaSgemm_kernel(float const *, int, float const *, int, float*, int)",28223
2.136032,1.440000,,,,,,,,,,112,74.174668,"Pageable","Device","Tesla V100-PCIE-32GB (0)","1","7","[CUDA memcpy HtoD]",28244
2.136682,16.128000,2048,1,1,384,1,1,16,0.000000,0,,,,,"Tesla V100-PCIE-32GB (0)","1","7","void scal_kernel_val<double, double>(cublasScalParamsVal<double, double>)",28358
2.137131,1.504000,,,,,,,,,,112,71.018300,"Pageable","Device","Tesla V100-PCIE-32GB (0)","1","7","[CUDA memcpy HtoD]",28405
2.137794,3.616000,2,1,1,256,1,1,16,0.000000,0,,,,,"Tesla V100-PCIE-32GB (0)","1","7","void scal_kernel_val<float, float>(cublasScalParamsVal<float, float>)",28519
2.138066,476.859000,1,1,320,32,1,1,48,1.750000,0,,,,,"Tesla V100-PCIE-32GB (0)","1","7","cosmaSgemm_kernel(float const *, int, float const *, int, float*, int)",28549
2.139142,1.472000,,,,,,,,,,112,72.562176,"Pageable","Device","Tesla V100-PCIE-32GB (0)","1","7","[CUDA memcpy HtoD]",28570
2.139786,16.608000,2048,1,1,384,1,1,16,0.000000,0,,,,,"Tesla V100-PCIE-32GB (0)","1","7","void scal_kernel_val<double, double>(cublasScalParamsVal<double, double>)",28684
2.140231,1.504000,,,,,,,,,,112,71.018300,"Pageable","Device","Tesla V100-PCIE-32GB (0)","1","7","[CUDA memcpy HtoD]",28731
2.140887,3.680000,2,1,1,256,1,1,16,0.000000,0,,,,,"Tesla V100-PCIE-32GB (0)","1","7","void scal_kernel_val<float, float>(cublasScalParamsVal<float, float>)",28845
2.141157,481.948000,1,1,320,32,1,1,48,1.750000,0,,,,,"Tesla V100-PCIE-32GB (0)","1","7","cosmaSgemm_kernel(float const *, int, float const *, int, float*, int)",28875
2.142311,1.472000,,,,,,,,,,112,72.562176,"Pageable","Device","Tesla V100-PCIE-32GB (0)","1","7","[CUDA memcpy HtoD]",28896
2.142964,15.680000,2048,1,1,384,1,1,16,0.000000,0,,,,,"Tesla V100-PCIE-32GB (0)","1","7","void scal_kernel_val<double, double>(cublasScalParamsVal<double, double>)",29010
2.143422,1.472000,,,,,,,,,,112,72.562176,"Pageable","Device","Tesla V100-PCIE-32GB (0)","1","7","[CUDA memcpy HtoD]",29057
2.144090,3.584000,2,1,1,256,1,1,16,0.000000,0,,,,,"Tesla V100-PCIE-32GB (0)","1","7","void scal_kernel_val<float, float>(cublasScalParamsVal<float, float>)",29171
2.144360,480.540000,1,1,320,32,1,1,48,1.750000,0,,,,,"Tesla V100-PCIE-32GB (0)","1","7","cosmaSgemm_kernel(float const *, int, float const *, int, float*, int)",29201
2.145470,1.472000,,,,,,,,,,112,72.562176,"Pageable","Device","Tesla V100-PCIE-32GB (0)","1","7","[CUDA memcpy HtoD]",29222
2.146124,16.608000,2048,1,1,384,1,1,16,0.000000,0,,,,,"Tesla V100-PCIE-32GB (0)","1","7","void scal_kernel_val<double, double>(cublasScalParamsVal<double, double>)",29336
2.146564,1.472000,,,,,,,,,,112,72.562176,"Pageable","Device","Tesla V100-PCIE-32GB (0)","1","7","[CUDA memcpy HtoD]",29383
2.147229,3.840000,2,1,1,256,1,1,16,0.000000,0,,,,,"Tesla V100-PCIE-32GB (0)","1","7","void scal_kernel_val<float, float>(cublasScalParamsVal<float, float>)",29497
2.147503,475.548000,1,1,320,32,1,1,48,1.750000,0,,,,,"Tesla V100-PCIE-32GB (0)","1","7","cosmaSgemm_kernel(float const *, int, float const *, int, float*, int)",29527
2.148601,1.472000,,,,,,,,,,112,72.562176,"Pageable","Device","Tesla V100-PCIE-32GB (0)","1","7","[CUDA memcpy HtoD]",29548
2.149255,16.928000,2048,1,1,384,1,1,16,0.000000,0,,,,,"Tesla V100-PCIE-32GB (0)","1","7","void scal_kernel_val<double, double>(cublasScalParamsVal<double, double>)",29662
2.149696,1.472000,,,,,,,,,,112,72.562176,"Pageable","Device","Tesla V100-PCIE-32GB (0)","1","7","[CUDA memcpy HtoD]",29709
2.150359,3.712000,2,1,1,256,1,1,16,0.000000,0,,,,,"Tesla V100-PCIE-32GB (0)","1","7","void scal_kernel_val<float, float>(cublasScalParamsVal<float, float>)",29823
2.150625,478.843000,1,1,320,32,1,1,48,1.750000,0,,,,,"Tesla V100-PCIE-32GB (0)","1","7","cosmaSgemm_kernel(float const *, int, float const *, int, float*, int)",29853
2.151698,1.472000,,,,,,,,,,112,72.562176,"Pageable","Device","Tesla V100-PCIE-32GB (0)","1","7","[CUDA memcpy HtoD]",29874
2.152350,16.095000,2048,1,1,384,1,1,16,0.000000,0,,,,,"Tesla V100-PCIE-32GB (0)","1","7","void scal_kernel_val<double, double>(cublasScalParamsVal<double, double>)",29988
2.152788,1.472000,,,,,,,,,,112,72.562176,"Pageable","Device","Tesla V100-PCIE-32GB (0)","1","7","[CUDA memcpy HtoD]",30035
2.153452,3.680000,2,1,1,256,1,1,16,0.000000,0,,,,,"Tesla V100-PCIE-32GB (0)","1","7","void scal_kernel_val<float, float>(cublasScalParamsVal<float, float>)",30149
2.153719,478.683000,1,1,320,32,1,1,48,1.750000,0,,,,,"Tesla V100-PCIE-32GB (0)","1","7","cosmaSgemm_kernel(float const *, int, float const *, int, float*, int)",30179
2.154794,1.472000,,,,,,,,,,112,72.562176,"Pageable","Device","Tesla V100-PCIE-32GB (0)","1","7","[CUDA memcpy HtoD]",30200
2.155444,15.712000,2048,1,1,384,1,1,16,0.000000,0,,,,,"Tesla V100-PCIE-32GB (0)","1","7","void scal_kernel_val<double, double>(cublasScalParamsVal<double, double>)",30314
2.155884,1.472000,,,,,,,,,,112,72.562176,"Pageable","Device","Tesla V100-PCIE-32GB (0)","1","7","[CUDA memcpy HtoD]",30361
2.156557,3.520000,2,1,1,256,1,1,16,0.000000,0,,,,,"Tesla V100-PCIE-32GB (0)","1","7","void scal_kernel_val<float, float>(cublasScalParamsVal<float, float>)",30475
2.156827,480.060000,1,1,320,32,1,1,48,1.750000,0,,,,,"Tesla V100-PCIE-32GB (0)","1","7","cosmaSgemm_kernel(float const *, int, float const *, int, float*, int)",30505
2.157929,1.472000,,,,,,,,,,112,72.562176,"Pageable","Device","Tesla V100-PCIE-32GB (0)","1","7","[CUDA memcpy HtoD]",30526
2.158578,15.871000,2048,1,1,384,1,1,16,0.000000,0,,,,,"Tesla V100-PCIE-32GB (0)","1","7","void scal_kernel_val<double, double>(cublasScalParamsVal<double, double>)",30640
2.159024,1.472000,,,,,,,,,,112,72.562176,"Pageable","Device","Tesla V100-PCIE-32GB (0)","1","7","[CUDA memcpy HtoD]",30687
2.159680,3.584000,2,1,1,256,1,1,16,0.000000,0,,,,,"Tesla V100-PCIE-32GB (0)","1","7","void scal_kernel_val<float, float>(cublasScalParamsVal<float, float>)",30801
2.159949,480.507000,1,1,320,32,1,1,48,1.750000,0,,,,,"Tesla V100-PCIE-32GB (0)","1","7","cosmaSgemm_kernel(float const *, int, float const *, int, float*, int)",30831
2.161026,1.472000,,,,,,,,,,112,72.562176,"Pageable","Device","Tesla V100-PCIE-32GB (0)","1","7","[CUDA memcpy HtoD]",30852
2.161669,16.256000,2048,1,1,384,1,1,16,0.000000,0,,,,,"Tesla V100-PCIE-32GB (0)","1","7","void scal_kernel_val<double, double>(cublasScalParamsVal<double, double>)",30966
2.162115,1.504000,,,,,,,,,,112,71.018300,"Pageable","Device","Tesla V100-PCIE-32GB (0)","1","7","[CUDA memcpy HtoD]",31013
2.162772,3.456000,2,1,1,256,1,1,16,0.000000,0,,,,,"Tesla V100-PCIE-32GB (0)","1","7","void scal_kernel_val<float, float>(cublasScalParamsVal<float, float>)",31127
2.163043,476.220000,1,1,320,32,1,1,48,1.750000,0,,,,,"Tesla V100-PCIE-32GB (0)","1","7","cosmaSgemm_kernel(float const *, int, float const *, int, float*, int)",31157
2.164117,1.472000,,,,,,,,,,112,72.562176,"Pageable","Device","Tesla V100-PCIE-32GB (0)","1","7","[CUDA memcpy HtoD]",31178
2.164780,15.648000,2048,1,1,384,1,1,16,0.000000,0,,,,,"Tesla V100-PCIE-32GB (0)","1","7","void scal_kernel_val<double, double>(cublasScalParamsVal<double, double>)",31292
2.165247,1.504000,,,,,,,,,,112,71.018300,"Pageable","Device","Tesla V100-PCIE-32GB (0)","1","7","[CUDA memcpy HtoD]",31339
2.165933,3.648000,2,1,1,256,1,1,16,0.000000,0,,,,,"Tesla V100-PCIE-32GB (0)","1","7","void scal_kernel_val<float, float>(cublasScalParamsVal<float, float>)",31453
2.166218,476.476000,1,1,320,32,1,1,48,1.750000,0,,,,,"Tesla V100-PCIE-32GB (0)","1","7","cosmaSgemm_kernel(float const *, int, float const *, int, float*, int)",31483
2.167304,1.472000,,,,,,,,,,112,72.562176,"Pageable","Device","Tesla V100-PCIE-32GB (0)","1","7","[CUDA memcpy HtoD]",31504
2.167954,15.968000,2048,1,1,384,1,1,16,0.000000,0,,,,,"Tesla V100-PCIE-32GB (0)","1","7","void scal_kernel_val<double, double>(cublasScalParamsVal<double, double>)",31618
2.168408,1.472000,,,,,,,,,,112,72.562176,"Pageable","Device","Tesla V100-PCIE-32GB (0)","1","7","[CUDA memcpy HtoD]",31665
2.169076,4.064000,2,1,1,256,1,1,16,0.000000,0,,,,,"Tesla V100-PCIE-32GB (0)","1","7","void scal_kernel_val<float, float>(cublasScalParamsVal<float, float>)",31779
2.169342,483.899000,1,1,320,32,1,1,48,1.750000,0,,,,,"Tesla V100-PCIE-32GB (0)","1","7","cosmaSgemm_kernel(float const *, int, float const *, int, float*, int)",31809
2.170425,1.472000,,,,,,,,,,112,72.562176,"Pageable","Device","Tesla V100-PCIE-32GB (0)","1","7","[CUDA memcpy HtoD]",31830
2.171076,16.736000,2048,1,1,384,1,1,16,0.000000,0,,,,,"Tesla V100-PCIE-32GB (0)","1","7","void scal_kernel_val<double, double>(cublasScalParamsVal<double, double>)",31944
2.171516,2.592000,,,,,,,,,,112,41.208149,"Pageable","Device","Tesla V100-PCIE-32GB (0)","1","7","[CUDA memcpy HtoD]",31991
2.172179,3.584000,2,1,1,256,1,1,16,0.000000,0,,,,,"Tesla V100-PCIE-32GB (0)","1","7","void scal_kernel_val<float, float>(cublasScalParamsVal<float, float>)",32105
2.172448,475.516000,1,1,320,32,1,1,48,1.750000,0,,,,,"Tesla V100-PCIE-32GB (0)","1","7","cosmaSgemm_kernel(float const *, int, float const *, int, float*, int)",32135
2.173523,1.472000,,,,,,,,,,112,72.562176,"Pageable","Device","Tesla V100-PCIE-32GB (0)","1","7","[CUDA memcpy HtoD]",32156
2.174173,15.968000,2048,1,1,384,1,1,16,0.000000,0,,,,,"Tesla V100-PCIE-32GB (0)","1","7","void scal_kernel_val<double, double>(cublasScalParamsVal<double, double>)",32270
2.174613,1.472000,,,,,,,,,,112,72.562176,"Pageable","Device","Tesla V100-PCIE-32GB (0)","1","7","[CUDA memcpy HtoD]",32317
2.175275,3.712000,2,1,1,256,1,1,16,0.000000,0,,,,,"Tesla V100-PCIE-32GB (0)","1","7","void scal_kernel_val<float, float>(cublasScalParamsVal<float, float>)",32431
2.175542,480.092000,1,1,320,32,1,1,48,1.750000,0,,,,,"Tesla V100-PCIE-32GB (0)","1","7","cosmaSgemm_kernel(float const *, int, float const *, int, float*, int)",32461
2.176640,1.472000,,,,,,,,,,112,72.562176,"Pageable","Device","Tesla V100-PCIE-32GB (0)","1","7","[CUDA memcpy HtoD]",32482
2.177294,16.320000,2048,1,1,384,1,1,16,0.000000,0,,,,,"Tesla V100-PCIE-32GB (0)","1","7","void scal_kernel_val<double, double>(cublasScalParamsVal<double, double>)",32596
