==74261== NVPROF is profiling process 74261, command: ./cuCOSMA
==74261== Profiling application: ./cuCOSMA
==74261== Profiling result:
"Start","Duration","Grid X","Grid Y","Grid Z","Block X","Block Y","Block Z","Registers Per Thread","Static SMem","Dynamic SMem","Size","Throughput","SrcMemType","DstMemType","Device","Context","Stream","Name","Correlation_ID"
s,us,,,,,,,,KB,B,B,MB/s,,,,,,,
0.820360,13.312000,1,4,1,256,1,1,55,16.000000,0,,,,,"Tesla V100-PCIE-32GB (0)","1","7","volta_sgemm_128x32_tt",16
0.821177,1.504000,,,,,,,,,,112,71.018300,"Pageable","Device","Tesla V100-PCIE-32GB (0)","1","7","[CUDA memcpy HtoD]",38
0.822133,22.656000,2048,1,1,384,1,1,16,0.000000,0,,,,,"Tesla V100-PCIE-32GB (0)","1","7","void scal_kernel_val<double, double>(cublasScalParamsVal<double, double>)",152
0.822710,21.056000,1,4,1,256,1,1,55,16.000000,0,,,,,"Tesla V100-PCIE-32GB (0)","1","7","volta_sgemm_128x32_tt",183
0.823494,1.504000,,,,,,,,,,112,71.018300,"Pageable","Device","Tesla V100-PCIE-32GB (0)","1","7","[CUDA memcpy HtoD]",205
0.824360,17.312000,2048,1,1,384,1,1,16,0.000000,0,,,,,"Tesla V100-PCIE-32GB (0)","1","7","void scal_kernel_val<double, double>(cublasScalParamsVal<double, double>)",319
0.824918,20.864000,1,4,1,256,1,1,55,16.000000,0,,,,,"Tesla V100-PCIE-32GB (0)","1","7","volta_sgemm_128x32_tt",350
0.825710,1.504000,,,,,,,,,,112,71.018300,"Pageable","Device","Tesla V100-PCIE-32GB (0)","1","7","[CUDA memcpy HtoD]",372
0.826565,17.248000,2048,1,1,384,1,1,16,0.000000,0,,,,,"Tesla V100-PCIE-32GB (0)","1","7","void scal_kernel_val<double, double>(cublasScalParamsVal<double, double>)",486
0.827149,20.512000,1,4,1,256,1,1,55,16.000000,0,,,,,"Tesla V100-PCIE-32GB (0)","1","7","volta_sgemm_128x32_tt",517
0.827994,1.504000,,,,,,,,,,112,71.018300,"Pageable","Device","Tesla V100-PCIE-32GB (0)","1","7","[CUDA memcpy HtoD]",539
0.828846,17.536000,2048,1,1,384,1,1,16,0.000000,0,,,,,"Tesla V100-PCIE-32GB (0)","1","7","void scal_kernel_val<double, double>(cublasScalParamsVal<double, double>)",653
0.829395,21.408000,1,4,1,256,1,1,55,16.000000,0,,,,,"Tesla V100-PCIE-32GB (0)","1","7","volta_sgemm_128x32_tt",684
0.830184,1.504000,,,,,,,,,,112,71.018300,"Pageable","Device","Tesla V100-PCIE-32GB (0)","1","7","[CUDA memcpy HtoD]",706
0.831037,17.695000,2048,1,1,384,1,1,16,0.000000,0,,,,,"Tesla V100-PCIE-32GB (0)","1","7","void scal_kernel_val<double, double>(cublasScalParamsVal<double, double>)",820
0.831590,20.959000,1,4,1,256,1,1,55,16.000000,0,,,,,"Tesla V100-PCIE-32GB (0)","1","7","volta_sgemm_128x32_tt",851
0.832549,1.504000,,,,,,,,,,112,71.018300,"Pageable","Device","Tesla V100-PCIE-32GB (0)","1","7","[CUDA memcpy HtoD]",873
0.834953,17.376000,2048,1,1,384,1,1,16,0.000000,0,,,,,"Tesla V100-PCIE-32GB (0)","1","7","void scal_kernel_val<double, double>(cublasScalParamsVal<double, double>)",987
0.835413,21.152000,1,4,1,256,1,1,55,16.000000,0,,,,,"Tesla V100-PCIE-32GB (0)","1","7","volta_sgemm_128x32_tt",1018
0.836068,1.536000,,,,,,,,,,112,69.538752,"Pageable","Device","Tesla V100-PCIE-32GB (0)","1","7","[CUDA memcpy HtoD]",1040
0.836736,16.735000,2048,1,1,384,1,1,16,0.000000,0,,,,,"Tesla V100-PCIE-32GB (0)","1","7","void scal_kernel_val<double, double>(cublasScalParamsVal<double, double>)",1154
0.837190,20.640000,1,4,1,256,1,1,55,16.000000,0,,,,,"Tesla V100-PCIE-32GB (0)","1","7","volta_sgemm_128x32_tt",1185
0.837836,1.536000,,,,,,,,,,112,69.538752,"Pageable","Device","Tesla V100-PCIE-32GB (0)","1","7","[CUDA memcpy HtoD]",1207
0.838493,16.896000,2048,1,1,384,1,1,16,0.000000,0,,,,,"Tesla V100-PCIE-32GB (0)","1","7","void scal_kernel_val<double, double>(cublasScalParamsVal<double, double>)",1321
0.838953,20.511000,1,4,1,256,1,1,55,16.000000,0,,,,,"Tesla V100-PCIE-32GB (0)","1","7","volta_sgemm_128x32_tt",1352
0.839595,1.728000,,,,,,,,,,112,61.812223,"Pageable","Device","Tesla V100-PCIE-32GB (0)","1","7","[CUDA memcpy HtoD]",1374
0.840258,17.600000,2048,1,1,384,1,1,16,0.000000,0,,,,,"Tesla V100-PCIE-32GB (0)","1","7","void scal_kernel_val<double, double>(cublasScalParamsVal<double, double>)",1488
0.840717,20.864000,1,4,1,256,1,1,55,16.000000,0,,,,,"Tesla V100-PCIE-32GB (0)","1","7","volta_sgemm_128x32_tt",1519
0.841359,1.504000,,,,,,,,,,112,71.018300,"Pageable","Device","Tesla V100-PCIE-32GB (0)","1","7","[CUDA memcpy HtoD]",1541
0.842022,16.959000,2048,1,1,384,1,1,16,0.000000,0,,,,,"Tesla V100-PCIE-32GB (0)","1","7","void scal_kernel_val<double, double>(cublasScalParamsVal<double, double>)",1655
0.842476,20.352000,1,4,1,256,1,1,55,16.000000,0,,,,,"Tesla V100-PCIE-32GB (0)","1","7","volta_sgemm_128x32_tt",1686
0.843125,1.504000,,,,,,,,,,112,71.018300,"Pageable","Device","Tesla V100-PCIE-32GB (0)","1","7","[CUDA memcpy HtoD]",1708
0.843787,16.576000,2048,1,1,384,1,1,16,0.000000,0,,,,,"Tesla V100-PCIE-32GB (0)","1","7","void scal_kernel_val<double, double>(cublasScalParamsVal<double, double>)",1822
0.844240,20.800000,1,4,1,256,1,1,55,16.000000,0,,,,,"Tesla V100-PCIE-32GB (0)","1","7","volta_sgemm_128x32_tt",1853
0.844886,1.504000,,,,,,,,,,112,71.018300,"Pageable","Device","Tesla V100-PCIE-32GB (0)","1","7","[CUDA memcpy HtoD]",1875
0.845543,16.768000,2048,1,1,384,1,1,16,0.000000,0,,,,,"Tesla V100-PCIE-32GB (0)","1","7","void scal_kernel_val<double, double>(cublasScalParamsVal<double, double>)",1989
0.846004,21.632000,1,4,1,256,1,1,55,16.000000,0,,,,,"Tesla V100-PCIE-32GB (0)","1","7","volta_sgemm_128x32_tt",2020
0.846682,1.536000,,,,,,,,,,112,69.538752,"Pageable","Device","Tesla V100-PCIE-32GB (0)","1","7","[CUDA memcpy HtoD]",2042
0.847355,16.736000,2048,1,1,384,1,1,16,0.000000,0,,,,,"Tesla V100-PCIE-32GB (0)","1","7","void scal_kernel_val<double, double>(cublasScalParamsVal<double, double>)",2156
0.847844,21.248000,1,4,1,256,1,1,55,16.000000,0,,,,,"Tesla V100-PCIE-32GB (0)","1","7","volta_sgemm_128x32_tt",2187
0.848548,1.504000,,,,,,,,,,112,71.018300,"Pageable","Device","Tesla V100-PCIE-32GB (0)","1","7","[CUDA memcpy HtoD]",2209
0.849210,17.600000,2048,1,1,384,1,1,16,0.000000,0,,,,,"Tesla V100-PCIE-32GB (0)","1","7","void scal_kernel_val<double, double>(cublasScalParamsVal<double, double>)",2323
0.849669,21.056000,1,4,1,256,1,1,55,16.000000,0,,,,,"Tesla V100-PCIE-32GB (0)","1","7","volta_sgemm_128x32_tt",2354
0.850311,1.504000,,,,,,,,,,112,71.018300,"Pageable","Device","Tesla V100-PCIE-32GB (0)","1","7","[CUDA memcpy HtoD]",2376
0.850975,16.800000,2048,1,1,384,1,1,16,0.000000,0,,,,,"Tesla V100-PCIE-32GB (0)","1","7","void scal_kernel_val<double, double>(cublasScalParamsVal<double, double>)",2490
0.851437,20.544000,1,4,1,256,1,1,55,16.000000,0,,,,,"Tesla V100-PCIE-32GB (0)","1","7","volta_sgemm_128x32_tt",2521
0.852107,1.504000,,,,,,,,,,112,71.018300,"Pageable","Device","Tesla V100-PCIE-32GB (0)","1","7","[CUDA memcpy HtoD]",2543
0.852778,17.216000,2048,1,1,384,1,1,16,0.000000,0,,,,,"Tesla V100-PCIE-32GB (0)","1","7","void scal_kernel_val<double, double>(cublasScalParamsVal<double, double>)",2657
0.855535,20.671000,1,4,1,256,1,1,55,16.000000,0,,,,,"Tesla V100-PCIE-32GB (0)","1","7","volta_sgemm_128x32_tt",2688
0.856171,1.504000,,,,,,,,,,112,71.018300,"Pageable","Device","Tesla V100-PCIE-32GB (0)","1","7","[CUDA memcpy HtoD]",2710
0.856824,17.536000,2048,1,1,384,1,1,16,0.000000,0,,,,,"Tesla V100-PCIE-32GB (0)","1","7","void scal_kernel_val<double, double>(cublasScalParamsVal<double, double>)",2824
0.857271,21.056000,1,4,1,256,1,1,55,16.000000,0,,,,,"Tesla V100-PCIE-32GB (0)","1","7","volta_sgemm_128x32_tt",2855
0.857912,1.504000,,,,,,,,,,112,71.018300,"Pageable","Device","Tesla V100-PCIE-32GB (0)","1","7","[CUDA memcpy HtoD]",2877
0.858554,17.568000,2048,1,1,384,1,1,16,0.000000,0,,,,,"Tesla V100-PCIE-32GB (0)","1","7","void scal_kernel_val<double, double>(cublasScalParamsVal<double, double>)",2991
0.859009,21.407000,1,4,1,256,1,1,55,16.000000,0,,,,,"Tesla V100-PCIE-32GB (0)","1","7","volta_sgemm_128x32_tt",3022
0.859648,1.504000,,,,,,,,,,112,71.018300,"Pageable","Device","Tesla V100-PCIE-32GB (0)","1","7","[CUDA memcpy HtoD]",3044
0.860293,17.024000,2048,1,1,384,1,1,16,0.000000,0,,,,,"Tesla V100-PCIE-32GB (0)","1","7","void scal_kernel_val<double, double>(cublasScalParamsVal<double, double>)",3158
0.860744,20.544000,1,4,1,256,1,1,55,16.000000,0,,,,,"Tesla V100-PCIE-32GB (0)","1","7","volta_sgemm_128x32_tt",3189
0.861379,1.504000,,,,,,,,,,112,71.018300,"Pageable","Device","Tesla V100-PCIE-32GB (0)","1","7","[CUDA memcpy HtoD]",3211
0.862029,17.632000,2048,1,1,384,1,1,16,0.000000,0,,,,,"Tesla V100-PCIE-32GB (0)","1","7","void scal_kernel_val<double, double>(cublasScalParamsVal<double, double>)",3325
0.862474,20.832000,1,4,1,256,1,1,55,16.000000,0,,,,,"Tesla V100-PCIE-32GB (0)","1","7","volta_sgemm_128x32_tt",3356
0.863324,1.504000,,,,,,,,,,112,71.018300,"Pageable","Device","Tesla V100-PCIE-32GB (0)","1","7","[CUDA memcpy HtoD]",3378
0.863977,17.984000,2048,1,1,384,1,1,16,0.000000,0,,,,,"Tesla V100-PCIE-32GB (0)","1","7","void scal_kernel_val<double, double>(cublasScalParamsVal<double, double>)",3492
0.864425,20.415000,1,4,1,256,1,1,55,16.000000,0,,,,,"Tesla V100-PCIE-32GB (0)","1","7","volta_sgemm_128x32_tt",3523
0.865093,1.504000,,,,,,,,,,112,71.018300,"Pageable","Device","Tesla V100-PCIE-32GB (0)","1","7","[CUDA memcpy HtoD]",3545
0.865783,17.568000,2048,1,1,384,1,1,16,0.000000,0,,,,,"Tesla V100-PCIE-32GB (0)","1","7","void scal_kernel_val<double, double>(cublasScalParamsVal<double, double>)",3659
0.866238,20.511000,1,4,1,256,1,1,55,16.000000,0,,,,,"Tesla V100-PCIE-32GB (0)","1","7","volta_sgemm_128x32_tt",3690
0.866946,1.504000,,,,,,,,,,112,71.018300,"Pageable","Device","Tesla V100-PCIE-32GB (0)","1","7","[CUDA memcpy HtoD]",3712
0.867613,16.896000,2048,1,1,384,1,1,16,0.000000,0,,,,,"Tesla V100-PCIE-32GB (0)","1","7","void scal_kernel_val<double, double>(cublasScalParamsVal<double, double>)",3826
0.868078,21.536000,1,4,1,256,1,1,55,16.000000,0,,,,,"Tesla V100-PCIE-32GB (0)","1","7","volta_sgemm_128x32_tt",3857
0.868736,1.536000,,,,,,,,,,112,69.538752,"Pageable","Device","Tesla V100-PCIE-32GB (0)","1","7","[CUDA memcpy HtoD]",3879
0.869378,17.504000,2048,1,1,384,1,1,16,0.000000,0,,,,,"Tesla V100-PCIE-32GB (0)","1","7","void scal_kernel_val<double, double>(cublasScalParamsVal<double, double>)",3993
0.869829,20.800000,1,4,1,256,1,1,55,16.000000,0,,,,,"Tesla V100-PCIE-32GB (0)","1","7","volta_sgemm_128x32_tt",4024
0.870462,1.504000,,,,,,,,,,112,71.018300,"Pageable","Device","Tesla V100-PCIE-32GB (0)","1","7","[CUDA memcpy HtoD]",4046
0.871111,17.439000,2048,1,1,384,1,1,16,0.000000,0,,,,,"Tesla V100-PCIE-32GB (0)","1","7","void scal_kernel_val<double, double>(cublasScalParamsVal<double, double>)",4160
0.871557,20.416000,1,4,1,256,1,1,55,16.000000,0,,,,,"Tesla V100-PCIE-32GB (0)","1","7","volta_sgemm_128x32_tt",4191
0.872200,1.504000,,,,,,,,,,112,71.018300,"Pageable","Device","Tesla V100-PCIE-32GB (0)","1","7","[CUDA memcpy HtoD]",4213
0.872850,17.504000,2048,1,1,384,1,1,16,0.000000,0,,,,,"Tesla V100-PCIE-32GB (0)","1","7","void scal_kernel_val<double, double>(cublasScalParamsVal<double, double>)",4327
0.873294,20.288000,1,4,1,256,1,1,55,16.000000,0,,,,,"Tesla V100-PCIE-32GB (0)","1","7","volta_sgemm_128x32_tt",4358
0.875098,1.504000,,,,,,,,,,112,71.018300,"Pageable","Device","Tesla V100-PCIE-32GB (0)","1","7","[CUDA memcpy HtoD]",4380
0.875760,17.088000,2048,1,1,384,1,1,16,0.000000,0,,,,,"Tesla V100-PCIE-32GB (0)","1","7","void scal_kernel_val<double, double>(cublasScalParamsVal<double, double>)",4494
0.876212,20.288000,1,4,1,256,1,1,55,16.000000,0,,,,,"Tesla V100-PCIE-32GB (0)","1","7","volta_sgemm_128x32_tt",4525
0.876852,1.472000,,,,,,,,,,112,72.562176,"Pageable","Device","Tesla V100-PCIE-32GB (0)","1","7","[CUDA memcpy HtoD]",4547
0.877497,17.312000,2048,1,1,384,1,1,16,0.000000,0,,,,,"Tesla V100-PCIE-32GB (0)","1","7","void scal_kernel_val<double, double>(cublasScalParamsVal<double, double>)",4661
0.877951,20.480000,1,4,1,256,1,1,55,16.000000,0,,,,,"Tesla V100-PCIE-32GB (0)","1","7","volta_sgemm_128x32_tt",4692
0.878584,1.504000,,,,,,,,,,112,71.018300,"Pageable","Device","Tesla V100-PCIE-32GB (0)","1","7","[CUDA memcpy HtoD]",4714
0.879233,17.152000,2048,1,1,384,1,1,16,0.000000,0,,,,,"Tesla V100-PCIE-32GB (0)","1","7","void scal_kernel_val<double, double>(cublasScalParamsVal<double, double>)",4828
0.879685,21.344000,1,4,1,256,1,1,55,16.000000,0,,,,,"Tesla V100-PCIE-32GB (0)","1","7","volta_sgemm_128x32_tt",4859
0.880320,1.536000,,,,,,,,,,112,69.538752,"Pageable","Device","Tesla V100-PCIE-32GB (0)","1","7","[CUDA memcpy HtoD]",4881
0.880972,17.216000,2048,1,1,384,1,1,16,0.000000,0,,,,,"Tesla V100-PCIE-32GB (0)","1","7","void scal_kernel_val<double, double>(cublasScalParamsVal<double, double>)",4995
0.881418,20.735000,1,4,1,256,1,1,55,16.000000,0,,,,,"Tesla V100-PCIE-32GB (0)","1","7","volta_sgemm_128x32_tt",5026
0.882057,1.504000,,,,,,,,,,112,71.018300,"Pageable","Device","Tesla V100-PCIE-32GB (0)","1","7","[CUDA memcpy HtoD]",5048
0.882709,16.544000,2048,1,1,384,1,1,16,0.000000,0,,,,,"Tesla V100-PCIE-32GB (0)","1","7","void scal_kernel_val<double, double>(cublasScalParamsVal<double, double>)",5162
0.883156,20.544000,1,4,1,256,1,1,55,16.000000,0,,,,,"Tesla V100-PCIE-32GB (0)","1","7","volta_sgemm_128x32_tt",5193
0.883797,1.504000,,,,,,,,,,112,71.018300,"Pageable","Device","Tesla V100-PCIE-32GB (0)","1","7","[CUDA memcpy HtoD]",5215
0.884441,17.632000,2048,1,1,384,1,1,16,0.000000,0,,,,,"Tesla V100-PCIE-32GB (0)","1","7","void scal_kernel_val<double, double>(cublasScalParamsVal<double, double>)",5329
0.884894,21.279000,1,4,1,256,1,1,55,16.000000,0,,,,,"Tesla V100-PCIE-32GB (0)","1","7","volta_sgemm_128x32_tt",5360
0.885529,1.536000,,,,,,,,,,112,69.538752,"Pageable","Device","Tesla V100-PCIE-32GB (0)","1","7","[CUDA memcpy HtoD]",5382
0.886185,17.184000,2048,1,1,384,1,1,16,0.000000,0,,,,,"Tesla V100-PCIE-32GB (0)","1","7","void scal_kernel_val<double, double>(cublasScalParamsVal<double, double>)",5496
0.886653,20.384000,1,4,1,256,1,1,55,16.000000,0,,,,,"Tesla V100-PCIE-32GB (0)","1","7","volta_sgemm_128x32_tt",5527
0.887344,1.504000,,,,,,,,,,112,71.018300,"Pageable","Device","Tesla V100-PCIE-32GB (0)","1","7","[CUDA memcpy HtoD]",5549
0.888005,17.632000,2048,1,1,384,1,1,16,0.000000,0,,,,,"Tesla V100-PCIE-32GB (0)","1","7","void scal_kernel_val<double, double>(cublasScalParamsVal<double, double>)",5663
0.888472,20.544000,1,4,1,256,1,1,55,16.000000,0,,,,,"Tesla V100-PCIE-32GB (0)","1","7","volta_sgemm_128x32_tt",5694
0.889134,1.504000,,,,,,,,,,112,71.018300,"Pageable","Device","Tesla V100-PCIE-32GB (0)","1","7","[CUDA memcpy HtoD]",5716
0.889783,16.832000,2048,1,1,384,1,1,16,0.000000,0,,,,,"Tesla V100-PCIE-32GB (0)","1","7","void scal_kernel_val<double, double>(cublasScalParamsVal<double, double>)",5830
0.890229,21.248000,1,4,1,256,1,1,55,16.000000,0,,,,,"Tesla V100-PCIE-32GB (0)","1","7","volta_sgemm_128x32_tt",5861
0.890869,1.504000,,,,,,,,,,112,71.018300,"Pageable","Device","Tesla V100-PCIE-32GB (0)","1","7","[CUDA memcpy HtoD]",5883
0.891511,16.864000,2048,1,1,384,1,1,16,0.000000,0,,,,,"Tesla V100-PCIE-32GB (0)","1","7","void scal_kernel_val<double, double>(cublasScalParamsVal<double, double>)",5997
0.891962,20.576000,1,4,1,256,1,1,55,16.000000,0,,,,,"Tesla V100-PCIE-32GB (0)","1","7","volta_sgemm_128x32_tt",6028
0.892595,1.504000,,,,,,,,,,112,71.018300,"Pageable","Device","Tesla V100-PCIE-32GB (0)","1","7","[CUDA memcpy HtoD]",6050
0.893257,17.183000,2048,1,1,384,1,1,16,0.000000,0,,,,,"Tesla V100-PCIE-32GB (0)","1","7","void scal_kernel_val<double, double>(cublasScalParamsVal<double, double>)",6164
0.896476,20.768000,1,4,1,256,1,1,55,16.000000,0,,,,,"Tesla V100-PCIE-32GB (0)","1","7","volta_sgemm_128x32_tt",6195
0.897125,1.536000,,,,,,,,,,112,69.538752,"Pageable","Device","Tesla V100-PCIE-32GB (0)","1","7","[CUDA memcpy HtoD]",6217
0.897782,17.408000,2048,1,1,384,1,1,16,0.000000,0,,,,,"Tesla V100-PCIE-32GB (0)","1","7","void scal_kernel_val<double, double>(cublasScalParamsVal<double, double>)",6331
0.898229,20.640000,1,4,1,256,1,1,55,16.000000,0,,,,,"Tesla V100-PCIE-32GB (0)","1","7","volta_sgemm_128x32_tt",6362
0.898870,1.504000,,,,,,,,,,112,71.018300,"Pageable","Device","Tesla V100-PCIE-32GB (0)","1","7","[CUDA memcpy HtoD]",6384
0.899512,16.799000,2048,1,1,384,1,1,16,0.000000,0,,,,,"Tesla V100-PCIE-32GB (0)","1","7","void scal_kernel_val<double, double>(cublasScalParamsVal<double, double>)",6498
0.899966,20.736000,1,4,1,256,1,1,55,16.000000,0,,,,,"Tesla V100-PCIE-32GB (0)","1","7","volta_sgemm_128x32_tt",6529
0.900605,1.504000,,,,,,,,,,112,71.018300,"Pageable","Device","Tesla V100-PCIE-32GB (0)","1","7","[CUDA memcpy HtoD]",6551
0.901248,17.024000,2048,1,1,384,1,1,16,0.000000,0,,,,,"Tesla V100-PCIE-32GB (0)","1","7","void scal_kernel_val<double, double>(cublasScalParamsVal<double, double>)",6665
0.901701,20.608000,1,4,1,256,1,1,55,16.000000,0,,,,,"Tesla V100-PCIE-32GB (0)","1","7","volta_sgemm_128x32_tt",6696
0.902336,1.504000,,,,,,,,,,112,71.018300,"Pageable","Device","Tesla V100-PCIE-32GB (0)","1","7","[CUDA memcpy HtoD]",6718
0.903010,17.440000,2048,1,1,384,1,1,16,0.000000,0,,,,,"Tesla V100-PCIE-32GB (0)","1","7","void scal_kernel_val<double, double>(cublasScalParamsVal<double, double>)",6832
0.903469,20.480000,1,4,1,256,1,1,55,16.000000,0,,,,,"Tesla V100-PCIE-32GB (0)","1","7","volta_sgemm_128x32_tt",6863
0.904127,1.504000,,,,,,,,,,112,71.018300,"Pageable","Device","Tesla V100-PCIE-32GB (0)","1","7","[CUDA memcpy HtoD]",6885
0.904774,17.280000,2048,1,1,384,1,1,16,0.000000,0,,,,,"Tesla V100-PCIE-32GB (0)","1","7","void scal_kernel_val<double, double>(cublasScalParamsVal<double, double>)",6999
0.905222,20.831000,1,4,1,256,1,1,55,16.000000,0,,,,,"Tesla V100-PCIE-32GB (0)","1","7","volta_sgemm_128x32_tt",7030
0.905869,1.504000,,,,,,,,,,112,71.018300,"Pageable","Device","Tesla V100-PCIE-32GB (0)","1","7","[CUDA memcpy HtoD]",7052
0.906518,16.640000,2048,1,1,384,1,1,16,0.000000,0,,,,,"Tesla V100-PCIE-32GB (0)","1","7","void scal_kernel_val<double, double>(cublasScalParamsVal<double, double>)",7166
0.906992,20.544000,1,4,1,256,1,1,55,16.000000,0,,,,,"Tesla V100-PCIE-32GB (0)","1","7","volta_sgemm_128x32_tt",7197
0.907696,1.504000,,,,,,,,,,112,71.018300,"Pageable","Device","Tesla V100-PCIE-32GB (0)","1","7","[CUDA memcpy HtoD]",7219
0.908348,17.760000,2048,1,1,384,1,1,16,0.000000,0,,,,,"Tesla V100-PCIE-32GB (0)","1","7","void scal_kernel_val<double, double>(cublasScalParamsVal<double, double>)",7333
0.908833,20.479000,1,4,1,256,1,1,55,16.000000,0,,,,,"Tesla V100-PCIE-32GB (0)","1","7","volta_sgemm_128x32_tt",7364
0.909498,1.504000,,,,,,,,,,112,71.018300,"Pageable","Device","Tesla V100-PCIE-32GB (0)","1","7","[CUDA memcpy HtoD]",7386
0.910174,17.952000,2048,1,1,384,1,1,16,0.000000,0,,,,,"Tesla V100-PCIE-32GB (0)","1","7","void scal_kernel_val<double, double>(cublasScalParamsVal<double, double>)",7500
0.910625,20.512000,1,4,1,256,1,1,55,16.000000,0,,,,,"Tesla V100-PCIE-32GB (0)","1","7","volta_sgemm_128x32_tt",7531
0.911259,1.472000,,,,,,,,,,112,72.562176,"Pageable","Device","Tesla V100-PCIE-32GB (0)","1","7","[CUDA memcpy HtoD]",7553
0.911909,17.408000,2048,1,1,384,1,1,16,0.000000,0,,,,,"Tesla V100-PCIE-32GB (0)","1","7","void scal_kernel_val<double, double>(cublasScalParamsVal<double, double>)",7667
0.912354,20.448000,1,4,1,256,1,1,55,16.000000,0,,,,,"Tesla V100-PCIE-32GB (0)","1","7","volta_sgemm_128x32_tt",7698
0.913006,1.504000,,,,,,,,,,112,71.018300,"Pageable","Device","Tesla V100-PCIE-32GB (0)","1","7","[CUDA memcpy HtoD]",7720
0.914490,17.312000,2048,1,1,384,1,1,16,0.000000,0,,,,,"Tesla V100-PCIE-32GB (0)","1","7","void scal_kernel_val<double, double>(cublasScalParamsVal<double, double>)",7834
0.914953,20.703000,1,4,1,256,1,1,55,16.000000,0,,,,,"Tesla V100-PCIE-32GB (0)","1","7","volta_sgemm_128x32_tt",7865
0.915586,1.536000,,,,,,,,,,112,69.538752,"Pageable","Device","Tesla V100-PCIE-32GB (0)","1","7","[CUDA memcpy HtoD]",7887
0.916235,17.472000,2048,1,1,384,1,1,16,0.000000,0,,,,,"Tesla V100-PCIE-32GB (0)","1","7","void scal_kernel_val<double, double>(cublasScalParamsVal<double, double>)",8001
0.916686,21.248000,1,4,1,256,1,1,55,16.000000,0,,,,,"Tesla V100-PCIE-32GB (0)","1","7","volta_sgemm_128x32_tt",8032
0.917323,1.600000,,,,,,,,,,112,66.757202,"Pageable","Device","Tesla V100-PCIE-32GB (0)","1","7","[CUDA memcpy HtoD]",8054
0.918010,17.184000,2048,1,1,384,1,1,16,0.000000,0,,,,,"Tesla V100-PCIE-32GB (0)","1","7","void scal_kernel_val<double, double>(cublasScalParamsVal<double, double>)",8168
0.918467,21.344000,1,4,1,256,1,1,55,16.000000,0,,,,,"Tesla V100-PCIE-32GB (0)","1","7","volta_sgemm_128x32_tt",8199
0.919120,1.504000,,,,,,,,,,112,71.018300,"Pageable","Device","Tesla V100-PCIE-32GB (0)","1","7","[CUDA memcpy HtoD]",8221
0.919766,16.960000,2048,1,1,384,1,1,16,0.000000,0,,,,,"Tesla V100-PCIE-32GB (0)","1","7","void scal_kernel_val<double, double>(cublasScalParamsVal<double, double>)",8335
0.920212,20.512000,1,4,1,256,1,1,55,16.000000,0,,,,,"Tesla V100-PCIE-32GB (0)","1","7","volta_sgemm_128x32_tt",8366
0.920851,1.504000,,,,,,,,,,112,71.018300,"Pageable","Device","Tesla V100-PCIE-32GB (0)","1","7","[CUDA memcpy HtoD]",8388
0.921493,16.672000,2048,1,1,384,1,1,16,0.000000,0,,,,,"Tesla V100-PCIE-32GB (0)","1","7","void scal_kernel_val<double, double>(cublasScalParamsVal<double, double>)",8502
0.921945,20.960000,1,4,1,256,1,1,55,16.000000,0,,,,,"Tesla V100-PCIE-32GB (0)","1","7","volta_sgemm_128x32_tt",8533
0.922577,1.536000,,,,,,,,,,112,69.538752,"Pageable","Device","Tesla V100-PCIE-32GB (0)","1","7","[CUDA memcpy HtoD]",8555
0.923226,16.608000,2048,1,1,384,1,1,16,0.000000,0,,,,,"Tesla V100-PCIE-32GB (0)","1","7","void scal_kernel_val<double, double>(cublasScalParamsVal<double, double>)",8669
0.923678,21.248000,1,4,1,256,1,1,55,16.000000,0,,,,,"Tesla V100-PCIE-32GB (0)","1","7","volta_sgemm_128x32_tt",8700
0.924312,1.504000,,,,,,,,,,112,71.018300,"Pageable","Device","Tesla V100-PCIE-32GB (0)","1","7","[CUDA memcpy HtoD]",8722
0.924962,17.568000,2048,1,1,384,1,1,16,0.000000,0,,,,,"Tesla V100-PCIE-32GB (0)","1","7","void scal_kernel_val<double, double>(cublasScalParamsVal<double, double>)",8836
0.925407,20.895000,1,4,1,256,1,1,55,16.000000,0,,,,,"Tesla V100-PCIE-32GB (0)","1","7","volta_sgemm_128x32_tt",8867
0.926059,1.504000,,,,,,,,,,112,71.018300,"Pageable","Device","Tesla V100-PCIE-32GB (0)","1","7","[CUDA memcpy HtoD]",8889
0.926714,17.184000,2048,1,1,384,1,1,16,0.000000,0,,,,,"Tesla V100-PCIE-32GB (0)","1","7","void scal_kernel_val<double, double>(cublasScalParamsVal<double, double>)",9003
0.927179,20.672000,1,4,1,256,1,1,55,16.000000,0,,,,,"Tesla V100-PCIE-32GB (0)","1","7","volta_sgemm_128x32_tt",9034
0.927906,1.504000,,,,,,,,,,112,71.018300,"Pageable","Device","Tesla V100-PCIE-32GB (0)","1","7","[CUDA memcpy HtoD]",9056
0.928587,16.608000,2048,1,1,384,1,1,16,0.000000,0,,,,,"Tesla V100-PCIE-32GB (0)","1","7","void scal_kernel_val<double, double>(cublasScalParamsVal<double, double>)",9170
0.929065,20.992000,1,4,1,256,1,1,55,16.000000,0,,,,,"Tesla V100-PCIE-32GB (0)","1","7","volta_sgemm_128x32_tt",9201
0.929716,1.504000,,,,,,,,,,112,71.018300,"Pageable","Device","Tesla V100-PCIE-32GB (0)","1","7","[CUDA memcpy HtoD]",9223
0.930359,17.632000,2048,1,1,384,1,1,16,0.000000,0,,,,,"Tesla V100-PCIE-32GB (0)","1","7","void scal_kernel_val<double, double>(cublasScalParamsVal<double, double>)",9337
0.930811,21.088000,1,4,1,256,1,1,55,16.000000,0,,,,,"Tesla V100-PCIE-32GB (0)","1","7","volta_sgemm_128x32_tt",9368
0.931445,1.536000,,,,,,,,,,112,69.538752,"Pageable","Device","Tesla V100-PCIE-32GB (0)","1","7","[CUDA memcpy HtoD]",9390
0.932095,17.504000,2048,1,1,384,1,1,16,0.000000,0,,,,,"Tesla V100-PCIE-32GB (0)","1","7","void scal_kernel_val<double, double>(cublasScalParamsVal<double, double>)",9504
0.932541,20.832000,1,4,1,256,1,1,55,16.000000,0,,,,,"Tesla V100-PCIE-32GB (0)","1","7","volta_sgemm_128x32_tt",9535
0.933203,1.503000,,,,,,,,,,112,71.065551,"Pageable","Device","Tesla V100-PCIE-32GB (0)","1","7","[CUDA memcpy HtoD]",9557
0.935865,17.408000,2048,1,1,384,1,1,16,0.000000,0,,,,,"Tesla V100-PCIE-32GB (0)","1","7","void scal_kernel_val<double, double>(cublasScalParamsVal<double, double>)",9671
0.936314,20.160000,1,4,1,256,1,1,55,16.000000,0,,,,,"Tesla V100-PCIE-32GB (0)","1","7","volta_sgemm_128x32_tt",9702
0.936955,1.504000,,,,,,,,,,112,71.018300,"Pageable","Device","Tesla V100-PCIE-32GB (0)","1","7","[CUDA memcpy HtoD]",9724
0.937599,17.056000,2048,1,1,384,1,1,16,0.000000,0,,,,,"Tesla V100-PCIE-32GB (0)","1","7","void scal_kernel_val<double, double>(cublasScalParamsVal<double, double>)",9838
0.938046,20.288000,1,4,1,256,1,1,55,16.000000,0,,,,,"Tesla V100-PCIE-32GB (0)","1","7","volta_sgemm_128x32_tt",9869
0.938686,1.504000,,,,,,,,,,112,71.018300,"Pageable","Device","Tesla V100-PCIE-32GB (0)","1","7","[CUDA memcpy HtoD]",9891
0.939331,18.272000,2048,1,1,384,1,1,16,0.000000,0,,,,,"Tesla V100-PCIE-32GB (0)","1","7","void scal_kernel_val<double, double>(cublasScalParamsVal<double, double>)",10005
0.939785,20.480000,1,4,1,256,1,1,55,16.000000,0,,,,,"Tesla V100-PCIE-32GB (0)","1","7","volta_sgemm_128x32_tt",10036
0.940419,1.728000,,,,,,,,,,112,61.812223,"Pageable","Device","Tesla V100-PCIE-32GB (0)","1","7","[CUDA memcpy HtoD]",10058
0.941068,17.472000,2048,1,1,384,1,1,16,0.000000,0,,,,,"Tesla V100-PCIE-32GB (0)","1","7","void scal_kernel_val<double, double>(cublasScalParamsVal<double, double>)",10172
0.941514,20.800000,1,4,1,256,1,1,55,16.000000,0,,,,,"Tesla V100-PCIE-32GB (0)","1","7","volta_sgemm_128x32_tt",10203
0.942155,1.536000,,,,,,,,,,112,69.538752,"Pageable","Device","Tesla V100-PCIE-32GB (0)","1","7","[CUDA memcpy HtoD]",10225
0.942803,16.959000,2048,1,1,384,1,1,16,0.000000,0,,,,,"Tesla V100-PCIE-32GB (0)","1","7","void scal_kernel_val<double, double>(cublasScalParamsVal<double, double>)",10339
0.943248,20.672000,1,4,1,256,1,1,55,16.000000,0,,,,,"Tesla V100-PCIE-32GB (0)","1","7","volta_sgemm_128x32_tt",10370
0.943888,1.504000,,,,,,,,,,112,71.018300,"Pageable","Device","Tesla V100-PCIE-32GB (0)","1","7","[CUDA memcpy HtoD]",10392
0.944529,16.864000,2048,1,1,384,1,1,16,0.000000,0,,,,,"Tesla V100-PCIE-32GB (0)","1","7","void scal_kernel_val<double, double>(cublasScalParamsVal<double, double>)",10506
0.945005,21.056000,1,4,1,256,1,1,55,16.000000,0,,,,,"Tesla V100-PCIE-32GB (0)","1","7","volta_sgemm_128x32_tt",10537
0.945660,1.504000,,,,,,,,,,112,71.018300,"Pageable","Device","Tesla V100-PCIE-32GB (0)","1","7","[CUDA memcpy HtoD]",10559
0.946313,17.344000,2048,1,1,384,1,1,16,0.000000,0,,,,,"Tesla V100-PCIE-32GB (0)","1","7","void scal_kernel_val<double, double>(cublasScalParamsVal<double, double>)",10673
0.946777,20.928000,1,4,1,256,1,1,55,16.000000,0,,,,,"Tesla V100-PCIE-32GB (0)","1","7","volta_sgemm_128x32_tt",10704
0.947466,1.504000,,,,,,,,,,112,71.018300,"Pageable","Device","Tesla V100-PCIE-32GB (0)","1","7","[CUDA memcpy HtoD]",10726
0.948130,17.312000,2048,1,1,384,1,1,16,0.000000,0,,,,,"Tesla V100-PCIE-32GB (0)","1","7","void scal_kernel_val<double, double>(cublasScalParamsVal<double, double>)",10840
0.948611,20.448000,1,4,1,256,1,1,55,16.000000,0,,,,,"Tesla V100-PCIE-32GB (0)","1","7","volta_sgemm_128x32_tt",10871
0.949272,1.856000,,,,,,,,,,112,57.549312,"Pageable","Device","Tesla V100-PCIE-32GB (0)","1","7","[CUDA memcpy HtoD]",10893
0.949920,18.016000,2048,1,1,384,1,1,16,0.000000,0,,,,,"Tesla V100-PCIE-32GB (0)","1","7","void scal_kernel_val<double, double>(cublasScalParamsVal<double, double>)",11007
0.950365,20.416000,1,4,1,256,1,1,55,16.000000,0,,,,,"Tesla V100-PCIE-32GB (0)","1","7","volta_sgemm_128x32_tt",11038
0.951003,1.536000,,,,,,,,,,112,69.538752,"Pageable","Device","Tesla V100-PCIE-32GB (0)","1","7","[CUDA memcpy HtoD]",11060
0.951653,16.768000,2048,1,1,384,1,1,16,0.000000,0,,,,,"Tesla V100-PCIE-32GB (0)","1","7","void scal_kernel_val<double, double>(cublasScalParamsVal<double, double>)",11174
0.952099,20.800000,1,4,1,256,1,1,55,16.000000,0,,,,,"Tesla V100-PCIE-32GB (0)","1","7","volta_sgemm_128x32_tt",11205
0.952739,1.504000,,,,,,,,,,112,71.018300,"Pageable","Device","Tesla V100-PCIE-32GB (0)","1","7","[CUDA memcpy HtoD]",11227
0.953388,17.344000,2048,1,1,384,1,1,16,0.000000,0,,,,,"Tesla V100-PCIE-32GB (0)","1","7","void scal_kernel_val<double, double>(cublasScalParamsVal<double, double>)",11341
0.956360,20.480000,1,4,1,256,1,1,55,16.000000,0,,,,,"Tesla V100-PCIE-32GB (0)","1","7","volta_sgemm_128x32_tt",11372
0.956994,1.504000,,,,,,,,,,112,71.018300,"Pageable","Device","Tesla V100-PCIE-32GB (0)","1","7","[CUDA memcpy HtoD]",11394
0.957644,17.056000,2048,1,1,384,1,1,16,0.000000,0,,,,,"Tesla V100-PCIE-32GB (0)","1","7","void scal_kernel_val<double, double>(cublasScalParamsVal<double, double>)",11508
0.958090,20.832000,1,4,1,256,1,1,55,16.000000,0,,,,,"Tesla V100-PCIE-32GB (0)","1","7","volta_sgemm_128x32_tt",11539
0.958729,1.536000,,,,,,,,,,112,69.538752,"Pageable","Device","Tesla V100-PCIE-32GB (0)","1","7","[CUDA memcpy HtoD]",11561
0.959370,16.735000,2048,1,1,384,1,1,16,0.000000,0,,,,,"Tesla V100-PCIE-32GB (0)","1","7","void scal_kernel_val<double, double>(cublasScalParamsVal<double, double>)",11675
0.959823,20.608000,1,4,1,256,1,1,55,16.000000,0,,,,,"Tesla V100-PCIE-32GB (0)","1","7","volta_sgemm_128x32_tt",11706
0.960460,1.504000,,,,,,,,,,112,71.018300,"Pageable","Device","Tesla V100-PCIE-32GB (0)","1","7","[CUDA memcpy HtoD]",11728
0.961111,17.568000,2048,1,1,384,1,1,16,0.000000,0,,,,,"Tesla V100-PCIE-32GB (0)","1","7","void scal_kernel_val<double, double>(cublasScalParamsVal<double, double>)",11842
0.961556,20.896000,1,4,1,256,1,1,55,16.000000,0,,,,,"Tesla V100-PCIE-32GB (0)","1","7","volta_sgemm_128x32_tt",11873
0.962194,1.504000,,,,,,,,,,112,71.018300,"Pageable","Device","Tesla V100-PCIE-32GB (0)","1","7","[CUDA memcpy HtoD]",11895
0.962842,16.927000,2048,1,1,384,1,1,16,0.000000,0,,,,,"Tesla V100-PCIE-32GB (0)","1","7","void scal_kernel_val<double, double>(cublasScalParamsVal<double, double>)",12009
0.963288,20.960000,1,4,1,256,1,1,55,16.000000,0,,,,,"Tesla V100-PCIE-32GB (0)","1","7","volta_sgemm_128x32_tt",12040
0.963930,1.504000,,,,,,,,,,112,71.018300,"Pageable","Device","Tesla V100-PCIE-32GB (0)","1","7","[CUDA memcpy HtoD]",12062
0.964570,17.472000,2048,1,1,384,1,1,16,0.000000,0,,,,,"Tesla V100-PCIE-32GB (0)","1","7","void scal_kernel_val<double, double>(cublasScalParamsVal<double, double>)",12176
0.965024,21.056000,1,4,1,256,1,1,55,16.000000,0,,,,,"Tesla V100-PCIE-32GB (0)","1","7","volta_sgemm_128x32_tt",12207
0.965663,1.536000,,,,,,,,,,112,69.538752,"Pageable","Device","Tesla V100-PCIE-32GB (0)","1","7","[CUDA memcpy HtoD]",12229
0.966305,16.960000,2048,1,1,384,1,1,16,0.000000,0,,,,,"Tesla V100-PCIE-32GB (0)","1","7","void scal_kernel_val<double, double>(cublasScalParamsVal<double, double>)",12343
0.966762,21.120000,1,4,1,256,1,1,55,16.000000,0,,,,,"Tesla V100-PCIE-32GB (0)","1","7","volta_sgemm_128x32_tt",12374
0.967448,1.504000,,,,,,,,,,112,71.018300,"Pageable","Device","Tesla V100-PCIE-32GB (0)","1","7","[CUDA memcpy HtoD]",12396
0.968106,17.920000,2048,1,1,384,1,1,16,0.000000,0,,,,,"Tesla V100-PCIE-32GB (0)","1","7","void scal_kernel_val<double, double>(cublasScalParamsVal<double, double>)",12510
0.968582,20.736000,1,4,1,256,1,1,55,16.000000,0,,,,,"Tesla V100-PCIE-32GB (0)","1","7","volta_sgemm_128x32_tt",12541
0.969229,1.504000,,,,,,,,,,112,71.018300,"Pageable","Device","Tesla V100-PCIE-32GB (0)","1","7","[CUDA memcpy HtoD]",12563
0.969876,17.984000,2048,1,1,384,1,1,16,0.000000,0,,,,,"Tesla V100-PCIE-32GB (0)","1","7","void scal_kernel_val<double, double>(cublasScalParamsVal<double, double>)",12677
0.970326,20.704000,1,4,1,256,1,1,55,16.000000,0,,,,,"Tesla V100-PCIE-32GB (0)","1","7","volta_sgemm_128x32_tt",12708
0.970965,1.504000,,,,,,,,,,112,71.018300,"Pageable","Device","Tesla V100-PCIE-32GB (0)","1","7","[CUDA memcpy HtoD]",12730
0.971612,17.343000,2048,1,1,384,1,1,16,0.000000,0,,,,,"Tesla V100-PCIE-32GB (0)","1","7","void scal_kernel_val<double, double>(cublasScalParamsVal<double, double>)",12844
0.972059,20.864000,1,4,1,256,1,1,55,16.000000,0,,,,,"Tesla V100-PCIE-32GB (0)","1","7","volta_sgemm_128x32_tt",12875
0.972698,1.504000,,,,,,,,,,112,71.018300,"Pageable","Device","Tesla V100-PCIE-32GB (0)","1","7","[CUDA memcpy HtoD]",12897
0.973340,17.248000,2048,1,1,384,1,1,16,0.000000,0,,,,,"Tesla V100-PCIE-32GB (0)","1","7","void scal_kernel_val<double, double>(cublasScalParamsVal<double, double>)",13011
0.973795,20.384000,1,4,1,256,1,1,55,16.000000,0,,,,,"Tesla V100-PCIE-32GB (0)","1","7","volta_sgemm_128x32_tt",13042
0.975882,1.536000,,,,,,,,,,112,69.538752,"Pageable","Device","Tesla V100-PCIE-32GB (0)","1","7","[CUDA memcpy HtoD]",13064
0.976528,16.416000,2048,1,1,384,1,1,16,0.000000,0,,,,,"Tesla V100-PCIE-32GB (0)","1","7","void scal_kernel_val<double, double>(cublasScalParamsVal<double, double>)",13178
0.976981,21.152000,1,4,1,256,1,1,55,16.000000,0,,,,,"Tesla V100-PCIE-32GB (0)","1","7","volta_sgemm_128x32_tt",13209
0.977634,1.536000,,,,,,,,,,112,69.538752,"Pageable","Device","Tesla V100-PCIE-32GB (0)","1","7","[CUDA memcpy HtoD]",13231
0.978276,17.088000,2048,1,1,384,1,1,16,0.000000,0,,,,,"Tesla V100-PCIE-32GB (0)","1","7","void scal_kernel_val<double, double>(cublasScalParamsVal<double, double>)",13345
0.978728,21.184000,1,4,1,256,1,1,55,16.000000,0,,,,,"Tesla V100-PCIE-32GB (0)","1","7","volta_sgemm_128x32_tt",13376
0.979363,1.504000,,,,,,,,,,112,71.018300,"Pageable","Device","Tesla V100-PCIE-32GB (0)","1","7","[CUDA memcpy HtoD]",13398
0.980014,17.120000,2048,1,1,384,1,1,16,0.000000,0,,,,,"Tesla V100-PCIE-32GB (0)","1","7","void scal_kernel_val<double, double>(cublasScalParamsVal<double, double>)",13512
0.980457,20.512000,1,4,1,256,1,1,55,16.000000,0,,,,,"Tesla V100-PCIE-32GB (0)","1","7","volta_sgemm_128x32_tt",13543
0.981097,1.504000,,,,,,,,,,112,71.018300,"Pageable","Device","Tesla V100-PCIE-32GB (0)","1","7","[CUDA memcpy HtoD]",13565
0.981745,17.152000,2048,1,1,384,1,1,16,0.000000,0,,,,,"Tesla V100-PCIE-32GB (0)","1","7","void scal_kernel_val<double, double>(cublasScalParamsVal<double, double>)",13679
0.982193,20.831000,1,4,1,256,1,1,55,16.000000,0,,,,,"Tesla V100-PCIE-32GB (0)","1","7","volta_sgemm_128x32_tt",13710
0.982833,1.504000,,,,,,,,,,112,71.018300,"Pageable","Device","Tesla V100-PCIE-32GB (0)","1","7","[CUDA memcpy HtoD]",13732
0.983474,17.440000,2048,1,1,384,1,1,16,0.000000,0,,,,,"Tesla V100-PCIE-32GB (0)","1","7","void scal_kernel_val<double, double>(cublasScalParamsVal<double, double>)",13846
0.983927,21.024000,1,4,1,256,1,1,55,16.000000,0,,,,,"Tesla V100-PCIE-32GB (0)","1","7","volta_sgemm_128x32_tt",13877
0.984560,1.504000,,,,,,,,,,112,71.018300,"Pageable","Device","Tesla V100-PCIE-32GB (0)","1","7","[CUDA memcpy HtoD]",13899
0.985209,16.800000,2048,1,1,384,1,1,16,0.000000,0,,,,,"Tesla V100-PCIE-32GB (0)","1","7","void scal_kernel_val<double, double>(cublasScalParamsVal<double, double>)",14013
0.985659,20.831000,1,4,1,256,1,1,55,16.000000,0,,,,,"Tesla V100-PCIE-32GB (0)","1","7","volta_sgemm_128x32_tt",14044
0.986293,1.504000,,,,,,,,,,112,71.018300,"Pageable","Device","Tesla V100-PCIE-32GB (0)","1","7","[CUDA memcpy HtoD]",14066
0.986955,17.152000,2048,1,1,384,1,1,16,0.000000,0,,,,,"Tesla V100-PCIE-32GB (0)","1","7","void scal_kernel_val<double, double>(cublasScalParamsVal<double, double>)",14180
0.987416,20.832000,1,4,1,256,1,1,55,16.000000,0,,,,,"Tesla V100-PCIE-32GB (0)","1","7","volta_sgemm_128x32_tt",14211
0.988109,1.504000,,,,,,,,,,112,71.018300,"Pageable","Device","Tesla V100-PCIE-32GB (0)","1","7","[CUDA memcpy HtoD]",14233
0.988764,17.024000,2048,1,1,384,1,1,16,0.000000,0,,,,,"Tesla V100-PCIE-32GB (0)","1","7","void scal_kernel_val<double, double>(cublasScalParamsVal<double, double>)",14347
0.989226,20.544000,1,4,1,256,1,1,55,16.000000,0,,,,,"Tesla V100-PCIE-32GB (0)","1","7","volta_sgemm_128x32_tt",14378
0.989891,1.504000,,,,,,,,,,112,71.018300,"Pageable","Device","Tesla V100-PCIE-32GB (0)","1","7","[CUDA memcpy HtoD]",14400
0.990533,17.472000,2048,1,1,384,1,1,16,0.000000,0,,,,,"Tesla V100-PCIE-32GB (0)","1","7","void scal_kernel_val<double, double>(cublasScalParamsVal<double, double>)",14514
0.990983,21.056000,1,4,1,256,1,1,55,16.000000,0,,,,,"Tesla V100-PCIE-32GB (0)","1","7","volta_sgemm_128x32_tt",14545
0.991624,1.504000,,,,,,,,,,112,71.018300,"Pageable","Device","Tesla V100-PCIE-32GB (0)","1","7","[CUDA memcpy HtoD]",14567
0.992268,16.960000,2048,1,1,384,1,1,16,0.000000,0,,,,,"Tesla V100-PCIE-32GB (0)","1","7","void scal_kernel_val<double, double>(cublasScalParamsVal<double, double>)",14681
0.992720,20.768000,1,4,1,256,1,1,55,16.000000,0,,,,,"Tesla V100-PCIE-32GB (0)","1","7","volta_sgemm_128x32_tt",14712
0.993353,1.504000,,,,,,,,,,112,71.018300,"Pageable","Device","Tesla V100-PCIE-32GB (0)","1","7","[CUDA memcpy HtoD]",14734
0.995061,17.344000,2048,1,1,384,1,1,16,0.000000,0,,,,,"Tesla V100-PCIE-32GB (0)","1","7","void scal_kernel_val<double, double>(cublasScalParamsVal<double, double>)",14848
0.995521,21.312000,1,4,1,256,1,1,55,16.000000,0,,,,,"Tesla V100-PCIE-32GB (0)","1","7","volta_sgemm_128x32_tt",14879
0.996185,1.504000,,,,,,,,,,112,71.018300,"Pageable","Device","Tesla V100-PCIE-32GB (0)","1","7","[CUDA memcpy HtoD]",14901
0.996833,17.408000,2048,1,1,384,1,1,16,0.000000,0,,,,,"Tesla V100-PCIE-32GB (0)","1","7","void scal_kernel_val<double, double>(cublasScalParamsVal<double, double>)",15015
0.997277,20.736000,1,4,1,256,1,1,55,16.000000,0,,,,,"Tesla V100-PCIE-32GB (0)","1","7","volta_sgemm_128x32_tt",15046
0.997918,1.504000,,,,,,,,,,112,71.018300,"Pageable","Device","Tesla V100-PCIE-32GB (0)","1","7","[CUDA memcpy HtoD]",15068
0.998560,16.864000,2048,1,1,384,1,1,16,0.000000,0,,,,,"Tesla V100-PCIE-32GB (0)","1","7","void scal_kernel_val<double, double>(cublasScalParamsVal<double, double>)",15182
0.999013,20.480000,1,4,1,256,1,1,55,16.000000,0,,,,,"Tesla V100-PCIE-32GB (0)","1","7","volta_sgemm_128x32_tt",15213
0.999652,1.504000,,,,,,,,,,112,71.018300,"Pageable","Device","Tesla V100-PCIE-32GB (0)","1","7","[CUDA memcpy HtoD]",15235
1.000294,17.344000,2048,1,1,384,1,1,16,0.000000,0,,,,,"Tesla V100-PCIE-32GB (0)","1","7","void scal_kernel_val<double, double>(cublasScalParamsVal<double, double>)",15349
1.000745,20.320000,1,4,1,256,1,1,55,16.000000,0,,,,,"Tesla V100-PCIE-32GB (0)","1","7","volta_sgemm_128x32_tt",15380
1.001379,1.504000,,,,,,,,,,112,71.018300,"Pageable","Device","Tesla V100-PCIE-32GB (0)","1","7","[CUDA memcpy HtoD]",15402
1.002028,16.928000,2048,1,1,384,1,1,16,0.000000,0,,,,,"Tesla V100-PCIE-32GB (0)","1","7","void scal_kernel_val<double, double>(cublasScalParamsVal<double, double>)",15516
1.002472,20.160000,1,4,1,256,1,1,55,16.000000,0,,,,,"Tesla V100-PCIE-32GB (0)","1","7","volta_sgemm_128x32_tt",15547
1.003134,1.504000,,,,,,,,,,112,71.018300,"Pageable","Device","Tesla V100-PCIE-32GB (0)","1","7","[CUDA memcpy HtoD]",15569
1.003809,17.344000,2048,1,1,384,1,1,16,0.000000,0,,,,,"Tesla V100-PCIE-32GB (0)","1","7","void scal_kernel_val<double, double>(cublasScalParamsVal<double, double>)",15683
1.004269,20.640000,1,4,1,256,1,1,55,16.000000,0,,,,,"Tesla V100-PCIE-32GB (0)","1","7","volta_sgemm_128x32_tt",15714
1.004910,1.504000,,,,,,,,,,112,71.018300,"Pageable","Device","Tesla V100-PCIE-32GB (0)","1","7","[CUDA memcpy HtoD]",15736
1.005550,16.704000,2048,1,1,384,1,1,16,0.000000,0,,,,,"Tesla V100-PCIE-32GB (0)","1","7","void scal_kernel_val<double, double>(cublasScalParamsVal<double, double>)",15850
1.006003,19.968000,1,4,1,256,1,1,55,16.000000,0,,,,,"Tesla V100-PCIE-32GB (0)","1","7","volta_sgemm_128x32_tt",15881
1.006648,1.472000,,,,,,,,,,112,72.562176,"Pageable","Device","Tesla V100-PCIE-32GB (0)","1","7","[CUDA memcpy HtoD]",15903
1.007301,16.992000,2048,1,1,384,1,1,16,0.000000,0,,,,,"Tesla V100-PCIE-32GB (0)","1","7","void scal_kernel_val<double, double>(cublasScalParamsVal<double, double>)",16017
1.007768,20.256000,1,4,1,256,1,1,55,16.000000,0,,,,,"Tesla V100-PCIE-32GB (0)","1","7","volta_sgemm_128x32_tt",16048
1.008462,1.504000,,,,,,,,,,112,71.018300,"Pageable","Device","Tesla V100-PCIE-32GB (0)","1","7","[CUDA memcpy HtoD]",16070
1.009138,17.664000,2048,1,1,384,1,1,16,0.000000,0,,,,,"Tesla V100-PCIE-32GB (0)","1","7","void scal_kernel_val<double, double>(cublasScalParamsVal<double, double>)",16184
1.009613,20.767000,1,4,1,256,1,1,55,16.000000,0,,,,,"Tesla V100-PCIE-32GB (0)","1","7","volta_sgemm_128x32_tt",16215
1.010287,1.504000,,,,,,,,,,112,71.018300,"Pageable","Device","Tesla V100-PCIE-32GB (0)","1","7","[CUDA memcpy HtoD]",16237
1.010935,17.248000,2048,1,1,384,1,1,16,0.000000,0,,,,,"Tesla V100-PCIE-32GB (0)","1","7","void scal_kernel_val<double, double>(cublasScalParamsVal<double, double>)",16351
1.011381,20.640000,1,4,1,256,1,1,55,16.000000,0,,,,,"Tesla V100-PCIE-32GB (0)","1","7","volta_sgemm_128x32_tt",16382
1.012021,1.504000,,,,,,,,,,112,71.018300,"Pageable","Device","Tesla V100-PCIE-32GB (0)","1","7","[CUDA memcpy HtoD]",16404
1.012670,17.151000,2048,1,1,384,1,1,16,0.000000,0,,,,,"Tesla V100-PCIE-32GB (0)","1","7","void scal_kernel_val<double, double>(cublasScalParamsVal<double, double>)",16518
1.013118,22.176000,1,4,1,256,1,1,55,16.000000,0,,,,,"Tesla V100-PCIE-32GB (0)","1","7","volta_sgemm_128x32_tt",16549
1.013848,1.536000,,,,,,,,,,112,69.538752,"Pageable","Device","Tesla V100-PCIE-32GB (0)","1","7","[CUDA memcpy HtoD]",16571
1.015218,17.056000,2048,1,1,384,1,1,16,0.000000,0,,,,,"Tesla V100-PCIE-32GB (0)","1","7","void scal_kernel_val<double, double>(cublasScalParamsVal<double, double>)",16685
